﻿<missions>
    <mission type="mow_bale" reward="2265" status="0" success="false">
        <field id="24" sprayFactor="0.500000" spraySet="false" plowFactor="1.000000" state="2" vehicleGroup="2" vehicleUseCost="178.503006" spawnedVehicles="false" growthState="4" limeFactor="1.000000" weedFactor="1.000000" fruitTypeName="GRASS"/>
        <bale sellPoint="16" fillTypeName="DRYGRASS_WINDROW" depositedLiters="0.000000"/>
    </mission>
    <mission type="fertilize" reward="3066" status="0" success="false">
        <field id="4" sprayFactor="0.000000" spraySet="false" plowFactor="1.000000" state="2" vehicleGroup="3" vehicleUseCost="438.132507" spawnedVehicles="false" growthState="1" limeFactor="1.000000" weedFactor="1.000000" fruitTypeName="MAIZE"/>
    </mission>
    <mission type="mow_bale" reward="1606" status="0" success="false">
        <field id="28" sprayFactor="0.000000" spraySet="false" plowFactor="1.000000" state="2" vehicleGroup="2" vehicleUseCost="126.581001" spawnedVehicles="false" growthState="4" limeFactor="1.000000" weedFactor="1.000000" fruitTypeName="GRASS"/>
        <bale sellPoint="16" fillTypeName="DRYGRASS_WINDROW" depositedLiters="0.000000"/>
    </mission>
    <mission type="fertilize" reward="3670" status="0" success="false">
        <field id="18" sprayFactor="0.000000" spraySet="false" plowFactor="1.000000" state="2" vehicleGroup="3" vehicleUseCost="524.393982" spawnedVehicles="false" growthState="2" limeFactor="1.000000" weedFactor="1.000000" fruitTypeName="SOYBEAN"/>
    </mission>
    <mission type="harvest" reward="2153" status="0" success="false">
        <field id="5" sprayFactor="0.500000" spraySet="false" plowFactor="1.000000" state="2" vehicleGroup="3" vehicleUseCost="339.332489" spawnedVehicles="false" growthState="6" limeFactor="1.000000" weedFactor="1.000000" fruitTypeName="OAT"/>
        <harvest sellPoint="21" expectedLiters="13018.622070" depositedLiters="0.000000"/>
    </mission>
    <mission type="harvest" reward="6462" status="0" success="false">
        <field id="7" sprayFactor="1.000000" spraySet="false" plowFactor="1.000000" state="2" vehicleGroup="1" vehicleUseCost="1018.380981" spawnedVehicles="false" growthState="5" limeFactor="1.000000" weedFactor="1.000000" fruitTypeName="CANOLA"/>
        <harvest sellPoint="9" expectedLiters="45435.457031" depositedLiters="0.000000"/>
    </mission>
    <mission type="fertilize" reward="1145" status="0" success="false">
        <field id="25" sprayFactor="0.000000" spraySet="false" plowFactor="1.000000" state="2" vehicleGroup="2" vehicleUseCost="163.663498" spawnedVehicles="false" growthState="1" limeFactor="1.000000" weedFactor="1.000000" fruitTypeName="MAIZE"/>
    </mission>
    <mission type="fertilize" reward="4764" status="0" success="false">
        <field id="9" sprayFactor="0.000000" spraySet="false" plowFactor="1.000000" state="2" vehicleGroup="4" vehicleUseCost="680.679993" spawnedVehicles="false" growthState="1" limeFactor="1.000000" weedFactor="1.000000" fruitTypeName="POTATO"/>
    </mission>
    <mission type="transport" reward="1457" status="0" success="false" timeLeft="79954962" config="WATER DELIVERY" pickupTrigger="TRANSPORT04" dropoffTrigger="TRANSPORT01" objectFilename="data/objects/pallets/missions/transportPalletWater.i3d" numObjects="2"/>
    <mission type="harvest" reward="6304" status="0" success="false">
        <field id="11" sprayFactor="0.500000" spraySet="false" plowFactor="1.000000" state="2" vehicleGroup="8" vehicleUseCost="310.433502" spawnedVehicles="false" growthState="5" limeFactor="1.000000" weedFactor="1.000000" fruitTypeName="POTATO"/>
        <harvest sellPoint="9" expectedLiters="86294.546875" depositedLiters="0.000000"/>
    </mission>
    <mission type="harvest" reward="2351" status="0" success="false">
        <field id="14" sprayFactor="0.500000" spraySet="false" plowFactor="1.000000" state="2" vehicleGroup="2" vehicleUseCost="370.460999" spawnedVehicles="false" growthState="6" limeFactor="1.000000" weedFactor="1.000000" fruitTypeName="BARLEY"/>
        <harvest sellPoint="21" expectedLiters="23937.478516" depositedLiters="0.000000"/>
    </mission>
    <mission type="fertilize" reward="10779" status="0" success="false">
        <field id="31" sprayFactor="0.000000" spraySet="false" plowFactor="1.000000" state="2" vehicleGroup="5" vehicleUseCost="1539.889038" spawnedVehicles="false" growthState="1" limeFactor="1.000000" weedFactor="1.000000" fruitTypeName="MAIZE"/>
    </mission>
    <mission type="fertilize" reward="8355" status="0" success="false">
        <field id="6" sprayFactor="0.000000" spraySet="false" plowFactor="1.000000" state="2" vehicleGroup="2" vehicleUseCost="1193.640503" spawnedVehicles="false" growthState="1" limeFactor="1.000000" weedFactor="1.000000" fruitTypeName="MAIZE"/>
    </mission>
    <mission type="transport" reward="2076" status="0" success="false" timeLeft="45781175" config="WATER DELIVERY" pickupTrigger="TRANSPORT03" dropoffTrigger="TRANSPORT06" objectFilename="data/objects/pallets/missions/transportPalletWater.i3d" numObjects="4"/>
    <mission type="fertilize" reward="3887" status="0" success="false">
        <field id="16" sprayFactor="0.000000" spraySet="false" plowFactor="1.000000" state="2" vehicleGroup="4" vehicleUseCost="555.307983" spawnedVehicles="false" growthState="1" limeFactor="1.000000" weedFactor="1.000000" fruitTypeName="COTTON"/>
    </mission>
    <mission type="mow_bale" reward="5292" status="0" success="false">
        <field id="10" sprayFactor="1.000000" spraySet="false" plowFactor="1.000000" state="2" vehicleGroup="1" vehicleUseCost="379.092987" spawnedVehicles="false" growthState="4" limeFactor="1.000000" weedFactor="1.000000" fruitTypeName="GRASS"/>
        <bale sellPoint="16" fillTypeName="SILAGE" depositedLiters="0.000000"/>
    </mission>
    <mission type="fertilize" reward="2517" status="0" success="false">
        <field id="12" sprayFactor="0.000000" spraySet="false" plowFactor="1.000000" state="2" vehicleGroup="1" vehicleUseCost="359.631989" spawnedVehicles="false" growthState="1" limeFactor="1.000000" weedFactor="1.000000" fruitTypeName="SUNFLOWER"/>
    </mission>
    <mission type="harvest" reward="8425" status="0" success="false">
        <field id="13" sprayFactor="1.000000" spraySet="false" plowFactor="1.000000" state="2" vehicleGroup="1" vehicleUseCost="1327.715942" spawnedVehicles="false" growthState="5" limeFactor="1.000000" weedFactor="1.000000" fruitTypeName="WHEAT"/>
        <harvest sellPoint="21" expectedLiters="90897.476563" depositedLiters="0.000000"/>
    </mission>
    <mission type="mow_bale" reward="2659" status="0" success="false">
        <field id="26" sprayFactor="0.500000" spraySet="false" plowFactor="1.000000" state="2" vehicleGroup="2" vehicleUseCost="209.559998" spawnedVehicles="false" growthState="4" limeFactor="1.000000" weedFactor="1.000000" fruitTypeName="GRASS"/>
        <bale sellPoint="16" fillTypeName="DRYGRASS_WINDROW" depositedLiters="0.000000"/>
    </mission>
    <mission type="fertilize" reward="10092" status="0" success="false">
        <field id="23" sprayFactor="0.000000" spraySet="false" plowFactor="1.000000" state="2" vehicleGroup="1" vehicleUseCost="1441.732544" spawnedVehicles="false" growthState="1" limeFactor="1.000000" weedFactor="1.000000" fruitTypeName="SUGARBEET"/>
    </mission>
    <mission type="harvest" reward="5201" status="0" success="false">
        <field id="8" sprayFactor="0.000000" spraySet="false" plowFactor="1.000000" state="2" vehicleGroup="6" vehicleUseCost="819.559021" spawnedVehicles="false" growthState="5" limeFactor="1.000000" weedFactor="1.000000" fruitTypeName="SUNFLOWER"/>
        <harvest sellPoint="21" expectedLiters="24586.769531" depositedLiters="0.000000"/>
    </mission>
    <mission type="fertilize" reward="6762" status="0" success="false">
        <field id="19" sprayFactor="0.000000" spraySet="false" plowFactor="1.000000" state="2" vehicleGroup="3" vehicleUseCost="966.107971" spawnedVehicles="false" growthState="1" limeFactor="1.000000" weedFactor="1.000000" fruitTypeName="SUGARBEET"/>
    </mission>
    <mission type="fertilize" reward="4656" status="0" success="false">
        <field id="20" sprayFactor="0.000000" spraySet="false" plowFactor="1.000000" state="2" vehicleGroup="4" vehicleUseCost="665.184021" spawnedVehicles="false" growthState="1" limeFactor="1.000000" weedFactor="1.000000" fruitTypeName="SUGARBEET"/>
    </mission>
    <mission type="fertilize" reward="8206" status="0" success="false">
        <field id="21" sprayFactor="0.000000" spraySet="false" plowFactor="1.000000" state="2" vehicleGroup="3" vehicleUseCost="1172.398560" spawnedVehicles="false" growthState="1" limeFactor="1.000000" weedFactor="1.000000" fruitTypeName="CANOLA"/>
    </mission>
    <mission type="fertilize" reward="6735" status="0" success="false">
        <field id="27" sprayFactor="0.000000" spraySet="false" plowFactor="1.000000" state="2" vehicleGroup="3" vehicleUseCost="962.240479" spawnedVehicles="false" growthState="1" limeFactor="1.000000" weedFactor="1.000000" fruitTypeName="SUNFLOWER"/>
    </mission>
</missions>
