﻿<vehicles>
    <vehicle id="1" filename="data/vehicles/train/locomotive04/locomotive04.xml" isAbsolute="true" age="1.000000" price="164000.000000" farmId="0" propertyState="0" operatingTime="26793.201172">
        <component1 position="343.0470 85.3322 452.6120" rotation="-0.0000 -90.0000 0.0000"/>
        <configuration name="wheel" id="1"/>
        <configuration name="motor" id="1"/>
        <boughtConfiguration name="motor" id="1"/>
        <boughtConfiguration name="wheel" id="1"/>
        <drivable cruiseControl="80.000000"/>
        <attacherJoints comboDirection="-1"/>
    </vehicle>
    <vehicle id="2" filename="data/vehicles/train/wagonGrain/wagonGrain.xml" isAbsolute="true" age="1.000000" price="1.000000" farmId="0" propertyState="0" operatingTime="26794.531250">
        <component1 position="361.9313 85.3322 452.6120" rotation="0.0000 -90.0000 0.0000"/>
        <configuration name="cover" id="1"/>
        <configuration name="fillVolume" id="1"/>
        <configuration name="wheel" id="1"/>
        <configuration name="fillUnit" id="1"/>
        <configuration name="trailer" id="1"/>
        <boughtConfiguration name="cover" id="1"/>
        <boughtConfiguration name="fillVolume" id="1"/>
        <boughtConfiguration name="wheel" id="1"/>
        <boughtConfiguration name="fillUnit" id="1"/>
        <boughtConfiguration name="trailer" id="1"/>
        <attacherJoints comboDirection="-1"/>
        <fillUnit>
            <unit index="1" fillType="UNKNOWN" fillLevel="0.000000"/>
        </fillUnit>
        <cover state="0"/>
    </vehicle>
    <vehicle id="3" filename="data/vehicles/train/wagonWoodChips/wagonWoodChips.xml" isAbsolute="true" age="1.000000" price="1.000000" farmId="0" propertyState="0" operatingTime="26794.531250">
        <component1 position="379.1884 85.3322 452.6120" rotation="-0.0000 -90.0000 0.0000"/>
        <configuration name="trailer" id="1"/>
        <configuration name="wheel" id="1"/>
        <configuration name="fillUnit" id="1"/>
        <configuration name="fillVolume" id="1"/>
        <boughtConfiguration name="trailer" id="1"/>
        <boughtConfiguration name="wheel" id="1"/>
        <boughtConfiguration name="fillUnit" id="1"/>
        <boughtConfiguration name="fillVolume" id="1"/>
        <attacherJoints comboDirection="-1"/>
        <fillUnit>
            <unit index="1" fillType="UNKNOWN" fillLevel="0.000000"/>
        </fillUnit>
    </vehicle>
    <vehicle id="4" filename="data/vehicles/train/wagonTimber/wagonTimber.xml" isAbsolute="true" age="1.000000" price="1.000000" farmId="0" propertyState="0" operatingTime="26794.531250">
        <component1 position="396.9457 85.3322 452.6120" rotation="0.0000 -90.0000 0.0000"/>
        <configuration name="wheel" id="1"/>
        <configuration name="tensionBelts" id="1"/>
        <boughtConfiguration name="tensionBelts" id="1"/>
        <boughtConfiguration name="wheel" id="1"/>
        <attacherJoints comboDirection="-1"/>
        <tensionBelts>
            <belt isActive="false"/>
            <belt isActive="false"/>
            <belt isActive="false"/>
            <belt isActive="false"/>
            <belt isActive="false"/>
            <belt isActive="false"/>
            <belt isActive="false"/>
            <belt isActive="false"/>
            <belt isActive="false"/>
            <belt isActive="false"/>
            <belt isActive="false"/>
        </tensionBelts>
    </vehicle>
    <vehicle id="5" filename="data/vehicles/train/wagonSugarbeets/wagonSugarbeets.xml" isAbsolute="true" age="1.000000" price="1.000000" farmId="0" propertyState="0" operatingTime="26794.531250">
        <component1 position="423.5521 85.3322 452.6120" rotation="0.0001 -90.0000 0.0000"/>
        <configuration name="cover" id="1"/>
        <configuration name="fillVolume" id="1"/>
        <configuration name="wheel" id="1"/>
        <configuration name="fillUnit" id="1"/>
        <configuration name="trailer" id="1"/>
        <boughtConfiguration name="cover" id="1"/>
        <boughtConfiguration name="fillVolume" id="1"/>
        <boughtConfiguration name="wheel" id="1"/>
        <boughtConfiguration name="fillUnit" id="1"/>
        <boughtConfiguration name="trailer" id="1"/>
        <attacherJoints comboDirection="-1"/>
        <fillUnit>
            <unit index="1" fillType="UNKNOWN" fillLevel="0.000000"/>
        </fillUnit>
        <cover state="0"/>
    </vehicle>
    <vehicle id="6" filename="data/vehicles/train/wagonVehicles/wagonVehicles.xml" isAbsolute="true" age="1.000000" price="1.000000" farmId="0" propertyState="0" operatingTime="26794.531250">
        <component1 position="445.3159 85.3322 452.6120" rotation="-0.0000 -90.0000 0.0000"/>
        <configuration name="wheel" id="1"/>
        <configuration name="tensionBelts" id="1"/>
        <boughtConfiguration name="tensionBelts" id="1"/>
        <boughtConfiguration name="wheel" id="1"/>
        <attacherJoints comboDirection="-1"/>
        <tensionBelts>
            <belt isActive="false"/>
            <belt isActive="false"/>
            <belt isActive="false"/>
            <belt isActive="false"/>
            <belt isActive="false"/>
            <belt isActive="false"/>
            <belt isActive="false"/>
            <belt isActive="false"/>
            <belt isActive="false"/>
            <belt isActive="false"/>
            <belt isActive="false"/>
            <belt isActive="false"/>
            <belt isActive="false"/>
        </tensionBelts>
    </vehicle>
    <vehicle id="7" filename="data/vehicles/challenger/mt900/mt900E.xml" isAbsolute="true" age="1.000000" price="508500.000000" farmId="1" propertyState="1" operatingTime="2111.926514">
        <component1 position="461.9151 85.6621 -138.7251" rotation="178.0864 -0.4307 -177.6267"/>
        <component2 position="461.9151 85.6621 -138.7251" rotation="178.0864 -0.4307 -177.6267"/>
        <configuration name="wheel" id="4"/>
        <configuration name="fillUnit" id="1"/>
        <configuration name="motor" id="3"/>
        <boughtConfiguration name="wheel" id="1"/>
        <boughtConfiguration name="wheel" id="4"/>
        <boughtConfiguration name="fillUnit" id="1"/>
        <boughtConfiguration name="motor" id="1"/>
        <boughtConfiguration name="motor" id="3"/>
        <washable>
            <dirtNode amount="0.000000"/>
            <dirtNode amount="0.000000"/>
            <dirtNode amount="0.000000"/>
            <dirtNode amount="0.000000"/>
            <dirtNode amount="0.000000"/>
        </washable>
        <wearable>
            <wearNode amount="0.056920"/>
        </wearable>
        <fillUnit>
            <unit index="1" fillType="DIESEL" fillLevel="1493.084229"/>
            <unit index="2" fillType="DEF" fillLevel="198.000000"/>
            <unit index="3" fillType="AIR" fillLevel="2860.819580"/>
        </fillUnit>
        <drivable cruiseControl="43.000000"/>
        <attacherJoints comboDirection="-1"/>
        <courseplay>
            <basics  aiMode="6" courses="" openHudWithMouse="false" lights="1" visualWaypointsStartEnd="true" visualWaypointsAll="true" visualWaypointsCrossing="false" waitTime="0" siloSelectedFillType="nil" runNumber="11" runCounter="0" runCounterBool="false" saveFuelOption="true" drivingMode="2"/>
            <speeds  useRecordingSpeed="true" reverse="5" turn="10" field="24" max="43"/>
            <combi  tipperOffset="0.0" combineOffset="0.0" combineOffsetAutoMode="true" fillFollow="50" fillDriveOn="90" searchCombineOnField="0"/>
            <driving  turnDiameter="40" turnDiameterAutoMode="false" realisticDriving="true" allwaysSearchFuel="false" alignment="true"/>
            <fieldWork  workWidth="23.9" ridgeMarkersAutomatic="true" offsetData="0.0;0.0;2.5;false;0.0;0.0;0" abortWork="0" refillUntilPct="100" turnOnField="true" oppositeTurnMode="false" manualWorkWidth="23.9" plowFieldEdge="false" lastValidTipDistance="0.0" hasSavedPosition="true" savedPositionX="557.3" savedPositionZ="-212.7" savedFieldNum="29.0" fertilizerEnabled="true" convoyActive="false"/>
            <mode10  leveling="true" CourseplayersOnly="false" searchRadius="50" maxSiloSpeed="20" shieldHeight="0.3" automaticSpeed="true" automaticHeight="true" bladeOffset="0.0" drivingThroughtLoading="false"/>
        </courseplay>
    </vehicle>
    <vehicle id="8" filename="data/vehicles/man/tgs18500/tgs18500.xml" isAbsolute="true" age="1.000000" price="133300.000000" farmId="1" propertyState="1" operatingTime="5334.922852">
        <component1 position="545.1917 84.0987 -140.6429" rotation="-2.0440 45.6315 -10.3527"/>
        <configuration name="attacherJoint" id="1"/>
        <configuration name="baseMaterial" id="24"/>
        <configuration name="rimColor" id="24"/>
        <configuration name="wheel" id="1"/>
        <configuration name="fillUnit" id="1"/>
        <configuration name="motor" id="1"/>
        <boughtConfiguration name="attacherJoint" id="1"/>
        <boughtConfiguration name="baseMaterial" id="1"/>
        <boughtConfiguration name="baseMaterial" id="24"/>
        <boughtConfiguration name="rimColor" id="1"/>
        <boughtConfiguration name="rimColor" id="24"/>
        <boughtConfiguration name="motor" id="1"/>
        <boughtConfiguration name="fillUnit" id="1"/>
        <boughtConfiguration name="wheel" id="1"/>
        <washable>
            <dirtNode amount="0.000000"/>
            <dirtNode amount="0.000000"/>
            <dirtNode amount="0.000000"/>
            <dirtNode amount="0.000000"/>
            <dirtNode amount="0.000000"/>
        </washable>
        <wearable>
            <wearNode amount="0.101078"/>
        </wearable>
        <fillUnit>
            <unit index="1" fillType="DIESEL" fillLevel="378.133606"/>
            <unit index="2" fillType="DEF" fillLevel="60.000000"/>
            <unit index="3" fillType="AIR" fillLevel="3208.343018"/>
        </fillUnit>
        <drivable cruiseControl="45.000000"/>
        <attacherJoints comboDirection="-1"/>
        <courseplay>
            <basics  aiMode="2" courses="" openHudWithMouse="false" lights="1" visualWaypointsStartEnd="true" visualWaypointsAll="true" visualWaypointsCrossing="false" waitTime="0" siloSelectedFillType="nil" runNumber="11" runCounter="0" runCounterBool="false" saveFuelOption="true" drivingMode="0"/>
            <speeds  useRecordingSpeed="false" reverse="6" turn="10" field="24" max="45"/>
            <combi  tipperOffset="0.0" combineOffset="0.0" combineOffsetAutoMode="true" fillFollow="50" fillDriveOn="100" searchCombineOnField="0"/>
            <driving  turnDiameter="10" turnDiameterAutoMode="true" realisticDriving="true" allwaysSearchFuel="false" alignment="true"/>
            <fieldWork  workWidth="3.0" ridgeMarkersAutomatic="true" offsetData="0.0;0.0;0.0;false;0.0;0.0;0" abortWork="0" refillUntilPct="100" turnOnField="true" oppositeTurnMode="false" manualWorkWidth="0.0" plowFieldEdge="false" lastValidTipDistance="0.0" hasSavedPosition="false" savedPositionX="0.0" savedPositionZ="0.0" savedFieldNum="0.0" fertilizerEnabled="true" convoyActive="false"/>
            <mode10  leveling="true" CourseplayersOnly="false" searchRadius="50" maxSiloSpeed="20" shieldHeight="0.3" automaticSpeed="true" automaticHeight="true" bladeOffset="0.0" drivingThroughtLoading="false"/>
        </courseplay>
    </vehicle>
    <vehicle id="9" filename="data/vehicles/krampe/SB3060/SB3060.xml" isAbsolute="true" age="1.000000" price="79700.000000" farmId="1" propertyState="1" operatingTime="5255.688965">
        <component1 position="540.8775 84.6465 -145.1404" rotation="-0.6090 43.5690 -9.1868"/>
        <configuration name="cover" id="1"/>
        <configuration name="fillVolume" id="1"/>
        <configuration name="wheel" id="2"/>
        <configuration name="fillUnit" id="1"/>
        <configuration name="trailer" id="1"/>
        <boughtConfiguration name="cover" id="1"/>
        <boughtConfiguration name="fillVolume" id="1"/>
        <boughtConfiguration name="wheel" id="1"/>
        <boughtConfiguration name="wheel" id="2"/>
        <boughtConfiguration name="fillUnit" id="1"/>
        <boughtConfiguration name="trailer" id="1"/>
        <washable>
            <dirtNode amount="0.000000"/>
            <dirtNode amount="0.000000"/>
            <dirtNode amount="0.000000"/>
            <dirtNode amount="0.000000"/>
            <dirtNode amount="0.000000"/>
            <dirtNode amount="0.000000"/>
            <dirtNode amount="0.000000"/>
        </washable>
        <wearable>
            <wearNode amount="0.101336"/>
        </wearable>
        <attacherJoints comboDirection="-1"/>
        <foldable foldAnimTime="1.000000"/>
        <fillUnit>
            <unit index="1" fillType="UNKNOWN" fillLevel="0.000000"/>
        </fillUnit>
        <cover state="0"/>
        <trailer tipSideIndex="1"/>
    </vehicle>
    <vehicle id="10" filename="data/vehicles/caseIH/draper3162/draper3162.xml" isAbsolute="true" age="1.000000" price="89000.000000" farmId="1" propertyState="1" operatingTime="7381.317871">
        <component1 position="485.1576 86.9487 -157.1543" rotation="-179.8701 19.0935 -178.8570"/>
        <component2 position="480.7686 87.0891 -158.1566" rotation="-179.8304 -12.0277 -178.9197"/>
        <component3 position="477.7201 87.0661 -157.5073" rotation="179.6866 -12.0253 -176.5837"/>
        <configuration name="wheel" id="1"/>
        <boughtConfiguration name="wheel" id="1"/>
        <washable>
            <dirtNode amount="0.000000"/>
            <dirtNode amount="0.000000"/>
            <dirtNode amount="0.000000"/>
            <dirtNode amount="0.000000"/>
            <dirtNode amount="0.000000"/>
        </washable>
        <wearable>
            <wearNode amount="0.310690"/>
        </wearable>
        <cylindered>
            <movingTool translation="0.000000"/>
            <movingTool rotation="0.000000"/>
        </cylindered>
        <attacherJoints comboDirection="-1"/>
        <foldable foldAnimTime="0.000000"/>
    </vehicle>
    <vehicle id="11" filename="data/vehicles/agco/ideal9/IDEAL9.xml" isAbsolute="true" age="1.000000" price="519500.000000" farmId="1" propertyState="1" operatingTime="7949.161133">
        <component1 position="482.0832 86.8501 -148.2882" rotation="177.3753 22.7781 -179.1465"/>
        <component2 position="481.6543 87.5417 -147.2911" rotation="177.3793 22.7784 -179.1356"/>
        <configuration name="fillVolume" id="1"/>
        <configuration name="design" id="1"/>
        <configuration name="wheel" id="1"/>
        <configuration name="fillUnit" id="1"/>
        <configuration name="motor" id="2"/>
        <boughtConfiguration name="fillVolume" id="1"/>
        <boughtConfiguration name="motor" id="1"/>
        <boughtConfiguration name="motor" id="2"/>
        <boughtConfiguration name="wheel" id="1"/>
        <boughtConfiguration name="fillUnit" id="1"/>
        <boughtConfiguration name="design" id="1"/>
        <washable>
            <dirtNode amount="0.000000"/>
            <dirtNode amount="0.000000"/>
            <dirtNode amount="0.000000"/>
            <dirtNode amount="0.000000"/>
            <dirtNode amount="0.000000"/>
        </washable>
        <wearable>
            <wearNode amount="0.235172"/>
        </wearable>
        <fillUnit>
            <unit index="1" fillType="UNKNOWN" fillLevel="0.000000"/>
            <unit index="2" fillType="DIESEL" fillLevel="992.673462"/>
            <unit index="3" fillType="DEF" fillLevel="38.000000"/>
        </fillUnit>
        <drivable cruiseControl="42.000000"/>
        <attacherJoints comboDirection="-1"/>
        <foldable foldAnimTime="1.000000"/>
        <combine isSwathActive="false" workedHectars="18.057526"/>
        <pipe state="1"/>
        <courseplay>
            <basics  aiMode="6" courses="" openHudWithMouse="false" lights="1" visualWaypointsStartEnd="true" visualWaypointsAll="true" visualWaypointsCrossing="false" waitTime="0" siloSelectedFillType="nil" runNumber="11" runCounter="0" runCounterBool="false" saveFuelOption="true" drivingMode="2"/>
            <speeds  useRecordingSpeed="true" reverse="6" turn="10" field="24" max="42"/>
            <combi  tipperOffset="0.0" combineOffset="0.0" combineOffsetAutoMode="true" fillFollow="50" fillDriveOn="90" searchCombineOnField="0"/>
            <driving  turnDiameter="11" turnDiameterAutoMode="true" realisticDriving="true" allwaysSearchFuel="false" alignment="true"/>
            <fieldWork  workWidth="13.0" ridgeMarkersAutomatic="true" offsetData="0.0;0.0;0.0;false;0.0;0.0;0" abortWork="0" refillUntilPct="100" turnOnField="true" oppositeTurnMode="false" manualWorkWidth="13.0" plowFieldEdge="false" lastValidTipDistance="0.0" hasSavedPosition="true" savedPositionX="563.5" savedPositionZ="-204.4" savedFieldNum="29.0" fertilizerEnabled="false" convoyActive="true"/>
            <mode10  leveling="true" CourseplayersOnly="false" searchRadius="50" maxSiloSpeed="20" shieldHeight="0.3" automaticSpeed="true" automaticHeight="true" bladeOffset="0.0" drivingThroughtLoading="false"/>
            <combine  driverPriorityUseFillLevel="false" stopWhenUnloading="false"/>
        </courseplay>
    </vehicle>
    <vehicle id="12" filename="data/vehicles/fendt/vario1000/vario1000.xml" isAbsolute="true" age="1.000000" price="382000.000000" farmId="1" propertyState="1" operatingTime="8997.226563">
        <component1 position="523.9100 86.8132 -160.1332" rotation="-179.0277 -36.8615 178.6567"/>
        <configuration name="motor" id="4"/>
        <configuration name="fillUnit" id="1"/>
        <configuration name="wheel" id="9"/>
        <boughtConfiguration name="wheel" id="1"/>
        <boughtConfiguration name="wheel" id="10"/>
        <boughtConfiguration name="wheel" id="9"/>
        <boughtConfiguration name="fillUnit" id="1"/>
        <boughtConfiguration name="motor" id="1"/>
        <boughtConfiguration name="motor" id="4"/>
        <washable>
            <dirtNode amount="0.000000"/>
            <dirtNode amount="0.000000"/>
            <dirtNode amount="0.000000"/>
            <dirtNode amount="0.000000"/>
            <dirtNode amount="0.000000"/>
        </washable>
        <wearable>
            <wearNode amount="0.222869"/>
        </wearable>
        <fillUnit>
            <unit index="1" fillType="DIESEL" fillLevel="775.255066"/>
            <unit index="2" fillType="DEF" fillLevel="85.000000"/>
            <unit index="3" fillType="AIR" fillLevel="3186.647949"/>
        </fillUnit>
        <drivable cruiseControl="63.000000"/>
        <attacherJoints comboDirection="-1"/>
        <courseplay>
            <basics  aiMode="4" courses="" openHudWithMouse="true" lights="1" visualWaypointsStartEnd="true" visualWaypointsAll="true" visualWaypointsCrossing="false" waitTime="0" siloSelectedFillType="nil" runNumber="11" runCounter="0" runCounterBool="false" saveFuelOption="true" drivingMode="2"/>
            <speeds  useRecordingSpeed="true" reverse="6" turn="15" field="24" max="63"/>
            <combi  tipperOffset="0.0" combineOffset="0.0" combineOffsetAutoMode="true" fillFollow="50" fillDriveOn="90" searchCombineOnField="0"/>
            <driving  turnDiameter="12" turnDiameterAutoMode="true" realisticDriving="false" allwaysSearchFuel="false" alignment="true"/>
            <fieldWork  workWidth="15.0" ridgeMarkersAutomatic="true" offsetData="0.0;0.0;0.0;false;0.0;0.0;0" abortWork="0" refillUntilPct="100" turnOnField="true" oppositeTurnMode="false" manualWorkWidth="15.0" plowFieldEdge="false" lastValidTipDistance="0.0" hasSavedPosition="true" savedPositionX="527.1" savedPositionZ="-376.6" savedFieldNum="30.0" fertilizerEnabled="true" convoyActive="false"/>
            <mode10  leveling="true" CourseplayersOnly="true" searchRadius="50" maxSiloSpeed="20" shieldHeight="0.3" automaticSpeed="true" automaticHeight="true" bladeOffset="0.0" drivingThroughtLoading="false"/>
        </courseplay>
    </vehicle>
    <vehicle id="13" filename="data/vehicles/elmersMfg/haulMaster/haulMaster.xml" isAbsolute="true" age="0.000000" price="105800.000000" farmId="1" propertyState="1" operatingTime="1720.682373">
        <component1 position="515.8798 86.5718 -144.1995" rotation="2.2006 13.1866 -1.1987"/>
        <configuration name="cover" id="1"/>
        <configuration name="baseMaterial" id="24"/>
        <configuration name="wheel" id="1"/>
        <configuration name="fillUnit" id="3"/>
        <configuration name="fillVolume" id="3"/>
        <boughtConfiguration name="cover" id="1"/>
        <boughtConfiguration name="baseMaterial" id="1"/>
        <boughtConfiguration name="baseMaterial" id="24"/>
        <boughtConfiguration name="wheel" id="1"/>
        <boughtConfiguration name="fillUnit" id="1"/>
        <boughtConfiguration name="fillUnit" id="3"/>
        <boughtConfiguration name="fillVolume" id="1"/>
        <boughtConfiguration name="fillVolume" id="3"/>
        <washable>
            <dirtNode amount="0.000000"/>
            <dirtNode amount="0.000000"/>
            <dirtNode amount="0.000000"/>
        </washable>
        <wearable>
            <wearNode amount="0.036888"/>
        </wearable>
        <cylindered>
            <movingTool rotation="-0.251327"/>
            <movingTool rotation="-0.000597"/>
        </cylindered>
        <attacherJoints comboDirection="-1"/>
        <foldable foldAnimTime="1.000000"/>
        <fillUnit>
            <unit index="1" fillType="UNKNOWN" fillLevel="0.000000"/>
        </fillUnit>
        <cover state="0"/>
        <pipe state="1"/>
    </vehicle>
    <vehicle id="14" filename="data/vehicles/flexicoil/st820/st820.xml" isAbsolute="true" age="0.000000" price="186000.000000" farmId="1" propertyState="1" operatingTime="10954.907227">
        <component1 position="513.2969 84.9419 -249.2316" rotation="2.0206 42.9101 -1.7298"/>
        <component2 position="516.6755 86.2577 -252.0097" rotation="1.5964 42.9210 -2.3561"/>
        <component3 position="518.8751 85.5334 -254.1039" rotation="2.2327 42.8820 -1.4179"/>
        <component4 position="520.8092 85.4219 -256.5120" rotation="1.8885 42.8797 -1.9094"/>
        <component5 position="510.3186 86.4204 -246.0998" rotation="3.3276 42.8497 0.1870"/>
        <component6 position="508.0547 85.7585 -244.0480" rotation="3.6306 42.8451 0.6419"/>
        <component7 position="505.5079 85.7171 -242.2929" rotation="2.6209 42.9234 -0.8166"/>
        <configuration name="wheel" id="1"/>
        <boughtConfiguration name="wheel" id="1"/>
        <washable>
            <dirtNode amount="0.087688"/>
            <dirtNode amount="0.618303"/>
            <dirtNode amount="0.759182"/>
            <dirtNode amount="0.811089"/>
            <dirtNode amount="0.792585"/>
            <dirtNode amount="0.615720"/>
            <dirtNode amount="0.592635"/>
            <dirtNode amount="0.629522"/>
            <dirtNode amount="0.556321"/>
            <dirtNode amount="0.607393"/>
            <dirtNode amount="0.606168"/>
            <dirtNode amount="0.605843"/>
            <dirtNode amount="0.609636"/>
            <dirtNode amount="0.583243"/>
            <dirtNode amount="0.585582"/>
            <dirtNode amount="0.589218"/>
            <dirtNode amount="0.590158"/>
            <dirtNode amount="0.590901"/>
            <dirtNode amount="0.590658"/>
            <dirtNode amount="0.588644"/>
            <dirtNode amount="0.585779"/>
        </washable>
        <wearable>
            <wearNode amount="0.530922"/>
        </wearable>
        <attacherJoints comboDirection="-1"/>
        <foldable foldAnimTime="0.062500"/>
    </vehicle>
    <vehicle id="15" filename="data/vehicles/amazone/condor15001/condor15001.xml" isAbsolute="true" age="0.000000" price="224000.000000" farmId="1" propertyState="1" operatingTime="5849.641602">
        <component1 position="494.3463 86.7160 -139.1545" rotation="164.7302 -82.0955 -164.1610"/>
        <component2 position="488.1744 87.3416 -139.9552" rotation="164.7321 -82.0958 -164.1595"/>
        <component3 position="493.9796 89.0153 -138.2030" rotation="-92.0951 7.6238 -179.5697"/>
        <component4 position="494.2187 89.0832 -139.9953" rotation="92.0928 -7.6237 0.4302"/>
        <configuration name="fillUnit" id="1"/>
        <configuration name="wheel" id="1"/>
        <configuration name="cover" id="1"/>
        <configuration name="fillVolume" id="1"/>
        <boughtConfiguration name="cover" id="1"/>
        <boughtConfiguration name="wheel" id="1"/>
        <boughtConfiguration name="fillUnit" id="1"/>
        <boughtConfiguration name="fillVolume" id="1"/>
        <washable>
            <dirtNode amount="0.000000"/>
            <dirtNode amount="0.000000"/>
            <dirtNode amount="0.000000"/>
            <dirtNode amount="0.000000"/>
            <dirtNode amount="0.000000"/>
        </washable>
        <wearable>
            <wearNode amount="0.374116"/>
        </wearable>
        <attacherJoints comboDirection="-1"/>
        <foldable foldAnimTime="1.000000"/>
        <fillUnit>
            <unit index="1" fillType="SEEDS" fillLevel="4592.082031"/>
            <unit index="2" fillType="FERTILIZER" fillLevel="2447.989258"/>
        </fillUnit>
        <cover state="0"/>
        <sowingMachine selectedSeedFruitType="WHEAT"/>
    </vehicle>
    <vehicle id="16" filename="data/vehicles/fendt/mt1100/mt1100.xml" isAbsolute="true" age="1.000000" price="505000.000000" farmId="1" propertyState="1" operatingTime="8757.608398">
        <component1 position="519.6027 84.8045 -242.6472" rotation="-0.8765 45.4166 -1.6039"/>
        <configuration name="design" id="1"/>
        <configuration name="wheel" id="1"/>
        <configuration name="fillUnit" id="1"/>
        <configuration name="motor" id="4"/>
        <boughtConfiguration name="design" id="1"/>
        <boughtConfiguration name="motor" id="1"/>
        <boughtConfiguration name="motor" id="4"/>
        <boughtConfiguration name="fillUnit" id="1"/>
        <boughtConfiguration name="wheel" id="1"/>
        <washable>
            <dirtNode amount="0.054432"/>
            <dirtNode amount="0.859843"/>
            <dirtNode amount="0.880280"/>
        </washable>
        <wearable>
            <wearNode amount="0.164438"/>
        </wearable>
        <fillUnit>
            <unit index="1" fillType="DIESEL" fillLevel="969.169556"/>
            <unit index="2" fillType="DEF" fillLevel="105.982208"/>
            <unit index="3" fillType="AIR" fillLevel="4000.000000"/>
        </fillUnit>
        <drivable cruiseControl="6.000000"/>
        <attacherJoints comboDirection="-1"/>
        <courseplay>
            <basics  aiMode="6" courses="1" openHudWithMouse="true" lights="1" visualWaypointsStartEnd="true" visualWaypointsAll="true" visualWaypointsCrossing="false" waitTime="0" siloSelectedFillType="nil" runNumber="11" runCounter="0" runCounterBool="false" saveFuelOption="true" drivingMode="2"/>
            <speeds  useRecordingSpeed="true" reverse="6" turn="15" field="24" max="43"/>
            <combi  tipperOffset="0.0" combineOffset="0.0" combineOffsetAutoMode="true" fillFollow="50" fillDriveOn="90" searchCombineOnField="0"/>
            <driving  turnDiameter="14" turnDiameterAutoMode="true" realisticDriving="false" allwaysSearchFuel="false" alignment="true"/>
            <fieldWork  workWidth="23.4" ridgeMarkersAutomatic="true" offsetData="0.0;0.0;0.0;false;0.0;0.0;0" abortWork="0" refillUntilPct="100" turnOnField="true" oppositeTurnMode="false" manualWorkWidth="23.4" plowFieldEdge="false" lastValidTipDistance="0.0" hasSavedPosition="true" savedPositionX="511.3" savedPositionZ="-186.4" savedFieldNum="29.0" fertilizerEnabled="true" convoyActive="false"/>
            <mode10  leveling="true" CourseplayersOnly="false" searchRadius="50" maxSiloSpeed="20" shieldHeight="0.3" automaticSpeed="true" automaticHeight="true" bladeOffset="0.0" drivingThroughtLoading="false"/>
        </courseplay>
    </vehicle>
    <vehicle id="17" filename="data/objects/bigBagContainer/bigBagContainerSeeds.xml" isAbsolute="true" age="0.000000" price="900.000000" farmId="1" propertyState="1" operatingTime="0.000000">
        <component1 position="523.7736 81.6321 16.5627" rotation="0.2298 -9.9953 -0.0372"/>
        <configuration name="fillUnit" id="1"/>
        <configuration name="design" id="1"/>
        <boughtConfiguration name="fillUnit" id="1"/>
        <boughtConfiguration name="design" id="1"/>
        <washable>
            <dirtNode amount="0.000000"/>
        </washable>
        <wearable>
            <wearNode amount="0.000005"/>
        </wearable>
        <fillUnit>
            <unit index="1" fillType="SEEDS" fillLevel="60.312428"/>
        </fillUnit>
    </vehicle>
    <vehicle id="18" filename="data/vehicles/bredal/K165/K165.xml" isAbsolute="true" age="0.000000" price="78000.000000" farmId="1" propertyState="1" operatingTime="109.531990">
        <component1 position="527.6959 86.5490 -155.0532" rotation="176.9751 -36.9587 176.8351"/>
        <configuration name="cover" id="2"/>
        <configuration name="fillVolume" id="2"/>
        <configuration name="wheel" id="2"/>
        <configuration name="fillUnit" id="2"/>
        <configuration name="folding" id="2"/>
        <boughtConfiguration name="cover" id="1"/>
        <boughtConfiguration name="cover" id="2"/>
        <boughtConfiguration name="fillVolume" id="1"/>
        <boughtConfiguration name="fillVolume" id="2"/>
        <boughtConfiguration name="wheel" id="1"/>
        <boughtConfiguration name="wheel" id="2"/>
        <boughtConfiguration name="fillUnit" id="1"/>
        <boughtConfiguration name="fillUnit" id="2"/>
        <boughtConfiguration name="folding" id="1"/>
        <boughtConfiguration name="folding" id="2"/>
        <washable>
            <dirtNode amount="0.000000"/>
            <dirtNode amount="0.000000"/>
            <dirtNode amount="0.000000"/>
            <dirtNode amount="0.000000"/>
            <dirtNode amount="0.000000"/>
        </washable>
        <wearable>
            <wearNode amount="0.002134"/>
        </wearable>
        <attacherJoints comboDirection="-1"/>
        <foldable foldAnimTime="1.000000"/>
        <fillUnit>
            <unit index="1" fillType="FERTILIZER" fillLevel="7475.282715"/>
        </fillUnit>
        <cover state="0"/>
    </vehicle>
    <attachments rootVehicleId="1">
        <attachment attachmentId="2" inputJointDescIndex="1" jointIndex="1" moveDown="false"/>
    </attachments>
    <attachments rootVehicleId="2">
        <attachment attachmentId="3" inputJointDescIndex="1" jointIndex="1" moveDown="false"/>
    </attachments>
    <attachments rootVehicleId="3">
        <attachment attachmentId="4" inputJointDescIndex="1" jointIndex="1" moveDown="false"/>
    </attachments>
    <attachments rootVehicleId="4">
        <attachment attachmentId="5" inputJointDescIndex="1" jointIndex="1" moveDown="false"/>
    </attachments>
    <attachments rootVehicleId="5">
        <attachment attachmentId="6" inputJointDescIndex="1" jointIndex="1" moveDown="false"/>
    </attachments>
    <attachments rootVehicleId="8">
        <attachment attachmentId="9" inputJointDescIndex="1" jointIndex="1" moveDown="false"/>
    </attachments>
    <attachments rootVehicleId="12">
        <attachment attachmentId="18" inputJointDescIndex="1" jointIndex="4" moveDown="false"/>
    </attachments>
    <attachments rootVehicleId="16">
        <attachment attachmentId="14" inputJointDescIndex="1" jointIndex="2" moveDown="false"/>
    </attachments>
</vehicles>
