﻿<course workWidth="15.000000" numHeadlandLanes="2" headlandDirectionCW="true">
    <waypoint1 speed="0" angle="46.00" generated="true" pos="285.90 81.56 -578.58" crossing="1" wait="1"/>
    <waypoint2 speed="0" angle="46.00" generated="true" pos="289.50 81.51 -575.10"/>
    <waypoint3 speed="0" angle="46.00" generated="true" pos="293.10 81.51 -571.63"/>
    <waypoint4 speed="0" angle="46.00" generated="true" pos="296.69 81.55 -568.16"/>
    <waypoint5 speed="0" angle="46.00" generated="true" pos="300.29 81.62 -564.68"/>
    <waypoint6 speed="0" angle="46.00" generated="true" pos="303.89 81.70 -561.21"/>
    <waypoint7 speed="0" angle="46.00" generated="true" pos="307.48 81.77 -557.74"/>
    <waypoint8 speed="0" angle="46.00" generated="true" pos="311.08 81.83 -554.26"/>
    <waypoint9 speed="0" angle="46.00" generated="true" pos="314.68 81.89 -550.79"/>
    <waypoint10 speed="0" angle="46.00" generated="true" pos="318.27 81.93 -547.32"/>
    <waypoint11 speed="0" angle="46.00" generated="true" pos="321.87 81.94 -543.85"/>
    <waypoint12 speed="0" angle="46.00" generated="true" pos="325.47 81.95 -540.37"/>
    <waypoint13 speed="0" angle="46.00" generated="true" pos="329.06 81.95 -536.90"/>
    <waypoint14 speed="0" angle="46.00" generated="true" pos="332.66 81.95 -533.43"/>
    <waypoint15 speed="0" angle="46.00" generated="true" pos="336.26 81.94 -529.95"/>
    <waypoint16 speed="0" angle="46.00" generated="true" pos="339.86 81.94 -526.48"/>
    <waypoint17 speed="0" angle="46.00" generated="true" pos="343.45 81.95 -523.01"/>
    <waypoint18 speed="0" angle="46.00" generated="true" pos="347.05 81.96 -519.53"/>
    <waypoint19 speed="0" angle="46.00" generated="true" pos="350.65 81.96 -516.06"/>
    <waypoint20 speed="0" angle="46.00" generated="true" pos="354.24 81.97 -512.59"/>
    <waypoint21 speed="0" angle="46.00" generated="true" pos="357.84 81.96 -509.11"/>
    <waypoint22 speed="0" angle="46.00" generated="true" pos="361.44 81.96 -505.64"/>
    <waypoint23 speed="0" angle="46.00" generated="true" pos="365.03 81.95 -502.17"/>
    <waypoint24 speed="0" angle="46.00" generated="true" pos="368.63 81.94 -498.69"/>
    <waypoint25 speed="0" angle="46.00" generated="true" pos="372.23 81.94 -495.22"/>
    <waypoint26 speed="0" angle="46.00" generated="true" pos="375.82 81.94 -491.75"/>
    <waypoint27 speed="0" angle="46.00" generated="true" pos="379.42 81.93 -488.27"/>
    <waypoint28 speed="0" angle="46.00" generated="true" pos="383.02 81.93 -484.80"/>
    <waypoint29 speed="0" angle="46.00" generated="true" pos="386.61 81.91 -481.33"/>
    <waypoint30 speed="0" angle="46.00" generated="true" pos="390.21 81.91 -477.85"/>
    <waypoint31 speed="0" angle="46.00" generated="true" pos="393.81 81.90 -474.38"/>
    <waypoint32 speed="0" angle="46.00" generated="true" pos="397.40 81.89 -470.91"/>
    <waypoint33 speed="0" angle="46.00" generated="true" pos="401.00 81.89 -467.43"/>
    <waypoint34 speed="0" angle="46.00" generated="true" pos="404.60 81.89 -463.96"/>
    <waypoint35 speed="0" angle="46.00" generated="true" pos="408.19 81.88 -460.49"/>
    <waypoint36 speed="0" angle="46.00" generated="true" pos="411.79 81.88 -457.01"/>
    <waypoint37 speed="0" angle="46.00" generated="true" pos="415.39 81.89 -453.54"/>
    <waypoint38 speed="0" angle="46.00" generated="true" pos="418.98 81.89 -450.07"/>
    <waypoint39 speed="0" angle="46.00" generated="true" pos="422.58 81.89 -446.59"/>
    <waypoint40 speed="0" angle="46.00" generated="true" pos="426.18 81.89 -443.12"/>
    <waypoint41 speed="0" angle="46.00" generated="true" pos="429.77 81.89 -439.65"/>
    <waypoint42 speed="0" angle="46.00" generated="true" pos="433.37 81.89 -436.17"/>
    <waypoint43 speed="0" angle="46.00" generated="true" pos="436.97 81.88 -432.70"/>
    <waypoint44 speed="0" angle="46.00" generated="true" pos="440.56 81.88 -429.23"/>
    <waypoint45 speed="0" angle="46.00" generated="true" pos="444.16 81.87 -425.75"/>
    <waypoint46 speed="0" angle="46.00" generated="true" pos="447.76 81.86 -422.28"/>
    <waypoint47 speed="0" angle="46.00" generated="true" pos="451.35 81.85 -418.81"/>
    <waypoint48 speed="0" angle="46.00" generated="true" pos="454.95 81.83 -415.33"/>
    <waypoint49 speed="0" angle="46.00" generated="true" pos="458.55 81.80 -411.86"/>
    <waypoint50 speed="0" angle="46.00" generated="true" pos="462.14 81.77 -408.39"/>
    <waypoint51 speed="0" angle="46.00" generated="true" pos="465.74 81.73 -404.91"/>
    <waypoint52 speed="0" angle="46.00" generated="true" pos="469.34 81.68 -401.44"/>
    <waypoint53 speed="0" angle="46.00" generated="true" pos="472.93 81.63 -397.97"/>
    <waypoint54 speed="0" angle="46.00" generated="true" pos="476.53 81.57 -394.49"/>
    <waypoint55 speed="0" angle="46.00" generated="true" pos="480.13 81.50 -391.02"/>
    <waypoint56 speed="0" angle="46.00" generated="true" pos="483.72 81.44 -387.55"/>
    <waypoint57 speed="0" angle="46.00" generated="true" pos="487.32 81.37 -384.07"/>
    <waypoint58 speed="0" angle="46.00" generated="true" pos="490.92 81.30 -380.60"/>
    <waypoint59 turnstart="1" speed="0" angle="165.87" generated="true" pos="494.51 81.23 -377.13"/>
    <waypoint60 speed="0" angle="-134.00" generated="true" pos="498.73 80.96 -393.90" turnend="1"/>
    <waypoint61 speed="0" angle="-134.00" generated="true" pos="495.14 81.06 -397.38"/>
    <waypoint62 speed="0" angle="-134.00" generated="true" pos="491.54 81.16 -400.85" ridgemarker="2"/>
    <waypoint63 speed="0" angle="-134.00" generated="true" pos="487.94 81.26 -404.32" ridgemarker="2"/>
    <waypoint64 speed="0" angle="-134.00" generated="true" pos="484.35 81.36 -407.80" ridgemarker="2"/>
    <waypoint65 speed="0" angle="-134.00" generated="true" pos="480.75 81.46 -411.27" ridgemarker="2"/>
    <waypoint66 speed="0" angle="-134.00" generated="true" pos="477.15 81.54 -414.74" ridgemarker="2"/>
    <waypoint67 speed="0" angle="-134.00" generated="true" pos="473.56 81.62 -418.22" ridgemarker="2"/>
    <waypoint68 speed="0" angle="-134.00" generated="true" pos="469.96 81.67 -421.69" ridgemarker="2"/>
    <waypoint69 speed="0" angle="-134.00" generated="true" pos="466.36 81.73 -425.16" ridgemarker="2"/>
    <waypoint70 speed="0" angle="-134.00" generated="true" pos="462.77 81.77 -428.64" ridgemarker="2"/>
    <waypoint71 speed="0" angle="-134.00" generated="true" pos="459.17 81.80 -432.11" ridgemarker="2"/>
    <waypoint72 speed="0" angle="-134.00" generated="true" pos="455.57 81.82 -435.58" ridgemarker="2"/>
    <waypoint73 speed="0" angle="-134.00" generated="true" pos="451.98 81.84 -439.06" ridgemarker="2"/>
    <waypoint74 speed="0" angle="-134.00" generated="true" pos="448.38 81.86 -442.53" ridgemarker="2"/>
    <waypoint75 speed="0" angle="-134.00" generated="true" pos="444.78 81.86 -446.00" ridgemarker="2"/>
    <waypoint76 speed="0" angle="-134.00" generated="true" pos="441.19 81.87 -449.48" ridgemarker="2"/>
    <waypoint77 speed="0" angle="-134.00" generated="true" pos="437.59 81.88 -452.95" ridgemarker="2"/>
    <waypoint78 speed="0" angle="-134.00" generated="true" pos="433.99 81.88 -456.42" ridgemarker="2"/>
    <waypoint79 speed="0" angle="-134.00" generated="true" pos="430.40 81.88 -459.90" ridgemarker="2"/>
    <waypoint80 speed="0" angle="-134.00" generated="true" pos="426.80 81.88 -463.37" ridgemarker="2"/>
    <waypoint81 speed="0" angle="-134.00" generated="true" pos="423.20 81.88 -466.84" ridgemarker="2"/>
    <waypoint82 speed="0" angle="-134.00" generated="true" pos="419.61 81.88 -470.31" ridgemarker="2"/>
    <waypoint83 speed="0" angle="-134.00" generated="true" pos="416.01 81.88 -473.79" ridgemarker="2"/>
    <waypoint84 speed="0" angle="-134.00" generated="true" pos="412.41 81.88 -477.26" ridgemarker="2"/>
    <waypoint85 speed="0" angle="-134.00" generated="true" pos="408.82 81.89 -480.73" ridgemarker="2"/>
    <waypoint86 speed="0" angle="-134.00" generated="true" pos="405.22 81.89 -484.21" ridgemarker="2"/>
    <waypoint87 speed="0" angle="-134.00" generated="true" pos="401.62 81.89 -487.68" ridgemarker="2"/>
    <waypoint88 speed="0" angle="-134.00" generated="true" pos="398.03 81.89 -491.15" ridgemarker="2"/>
    <waypoint89 speed="0" angle="-134.00" generated="true" pos="394.43 81.89 -494.63" ridgemarker="2"/>
    <waypoint90 speed="0" angle="-134.00" generated="true" pos="390.83 81.90 -498.10" ridgemarker="2"/>
    <waypoint91 speed="0" angle="-134.00" generated="true" pos="387.24 81.89 -501.57" ridgemarker="2"/>
    <waypoint92 speed="0" angle="-134.00" generated="true" pos="383.64 81.89 -505.05" ridgemarker="2"/>
    <waypoint93 speed="0" angle="-134.00" generated="true" pos="380.04 81.89 -508.52" ridgemarker="2"/>
    <waypoint94 speed="0" angle="-134.00" generated="true" pos="376.45 81.89 -511.99" ridgemarker="2"/>
    <waypoint95 speed="0" angle="-134.00" generated="true" pos="372.85 81.89 -515.47" ridgemarker="2"/>
    <waypoint96 speed="0" angle="-134.00" generated="true" pos="369.25 81.90 -518.94" ridgemarker="2"/>
    <waypoint97 speed="0" angle="-134.00" generated="true" pos="365.66 81.90 -522.41" ridgemarker="2"/>
    <waypoint98 speed="0" angle="-134.00" generated="true" pos="362.06 81.90 -525.89" ridgemarker="2"/>
    <waypoint99 speed="0" angle="-134.00" generated="true" pos="358.46 81.90 -529.36" ridgemarker="2"/>
    <waypoint100 speed="0" angle="-134.00" generated="true" pos="354.87 81.90 -532.83" ridgemarker="2"/>
    <waypoint101 speed="0" angle="-134.00" generated="true" pos="351.27 81.90 -536.31" ridgemarker="2"/>
    <waypoint102 speed="0" angle="-134.00" generated="true" pos="347.67 81.91 -539.78" ridgemarker="2"/>
    <waypoint103 speed="0" angle="-134.00" generated="true" pos="344.08 81.91 -543.25" ridgemarker="2"/>
    <waypoint104 speed="0" angle="-134.00" generated="true" pos="340.48 81.90 -546.73" ridgemarker="2"/>
    <waypoint105 speed="0" angle="-134.00" generated="true" pos="336.88 81.90 -550.20" ridgemarker="2"/>
    <waypoint106 speed="0" angle="-134.00" generated="true" pos="333.29 81.90 -553.67" ridgemarker="2"/>
    <waypoint107 speed="0" angle="-134.00" generated="true" pos="329.69 81.90 -557.15" ridgemarker="2"/>
    <waypoint108 speed="0" angle="-134.00" generated="true" pos="326.09 81.89 -560.62" ridgemarker="2"/>
    <waypoint109 speed="0" angle="-134.00" generated="true" pos="322.50 81.87 -564.09" ridgemarker="2"/>
    <waypoint110 speed="0" angle="-134.00" generated="true" pos="318.90 81.83 -567.57" ridgemarker="2"/>
    <waypoint111 speed="0" angle="-134.00" generated="true" pos="315.30 81.76 -571.04" ridgemarker="2"/>
    <waypoint112 speed="0" angle="-134.00" generated="true" pos="311.71 81.66 -574.51" ridgemarker="2"/>
    <waypoint113 speed="0" angle="-134.00" generated="true" pos="308.11 81.57 -577.99" ridgemarker="2"/>
    <waypoint114 speed="0" angle="-134.00" generated="true" pos="304.51 81.48 -581.46" ridgemarker="2"/>
    <waypoint115 speed="0" angle="-134.00" generated="true" pos="300.92 81.41 -584.93" ridgemarker="2"/>
    <waypoint116 turnstart="1" speed="0" angle="130.34" generated="true" pos="297.32 81.38 -588.41"/>
    <waypoint117 speed="0" angle="46.00" generated="true" pos="308.81 81.28 -598.16" turnend="1"/>
    <waypoint118 speed="0" angle="46.00" generated="true" pos="312.41 81.39 -594.69"/>
    <waypoint119 speed="0" angle="46.00" generated="true" pos="316.00 81.51 -591.22" ridgemarker="1"/>
    <waypoint120 speed="0" angle="46.00" generated="true" pos="319.60 81.63 -587.74" ridgemarker="1"/>
    <waypoint121 speed="0" angle="46.00" generated="true" pos="323.20 81.74 -584.27" ridgemarker="1"/>
    <waypoint122 speed="0" angle="46.00" generated="true" pos="326.79 81.82 -580.80" ridgemarker="1"/>
    <waypoint123 speed="0" angle="46.00" generated="true" pos="330.39 81.87 -577.32" ridgemarker="1"/>
    <waypoint124 speed="0" angle="46.00" generated="true" pos="333.99 81.89 -573.85" ridgemarker="1"/>
    <waypoint125 speed="0" angle="46.00" generated="true" pos="337.58 81.90 -570.38" ridgemarker="1"/>
    <waypoint126 speed="0" angle="46.00" generated="true" pos="341.18 81.90 -566.90" ridgemarker="1"/>
    <waypoint127 speed="0" angle="46.00" generated="true" pos="344.78 81.90 -563.43" ridgemarker="1"/>
    <waypoint128 speed="0" angle="46.00" generated="true" pos="348.37 81.90 -559.96" ridgemarker="1"/>
    <waypoint129 speed="0" angle="46.00" generated="true" pos="351.97 81.90 -556.48" ridgemarker="1"/>
    <waypoint130 speed="0" angle="46.00" generated="true" pos="355.57 81.90 -553.01" ridgemarker="1"/>
    <waypoint131 speed="0" angle="46.00" generated="true" pos="359.16 81.90 -549.54" ridgemarker="1"/>
    <waypoint132 speed="0" angle="46.00" generated="true" pos="362.76 81.90 -546.07" ridgemarker="1"/>
    <waypoint133 speed="0" angle="46.00" generated="true" pos="366.36 81.89 -542.59" ridgemarker="1"/>
    <waypoint134 speed="0" angle="46.00" generated="true" pos="369.95 81.89 -539.12" ridgemarker="1"/>
    <waypoint135 speed="0" angle="46.00" generated="true" pos="373.55 81.88 -535.65" ridgemarker="1"/>
    <waypoint136 speed="0" angle="46.00" generated="true" pos="377.15 81.87 -532.17" ridgemarker="1"/>
    <waypoint137 speed="0" angle="46.00" generated="true" pos="380.74 81.87 -528.70" ridgemarker="1"/>
    <waypoint138 speed="0" angle="46.00" generated="true" pos="384.34 81.87 -525.23" ridgemarker="1"/>
    <waypoint139 speed="0" angle="46.00" generated="true" pos="387.94 81.88 -521.75" ridgemarker="1"/>
    <waypoint140 speed="0" angle="46.00" generated="true" pos="391.53 81.87 -518.28" ridgemarker="1"/>
    <waypoint141 speed="0" angle="46.00" generated="true" pos="395.13 81.88 -514.81" ridgemarker="1"/>
    <waypoint142 speed="0" angle="46.00" generated="true" pos="398.73 81.87 -511.33" ridgemarker="1"/>
    <waypoint143 speed="0" angle="46.00" generated="true" pos="402.32 81.87 -507.86" ridgemarker="1"/>
    <waypoint144 speed="0" angle="46.00" generated="true" pos="405.92 81.87 -504.39" ridgemarker="1"/>
    <waypoint145 speed="0" angle="46.00" generated="true" pos="409.52 81.87 -500.91" ridgemarker="1"/>
    <waypoint146 speed="0" angle="46.00" generated="true" pos="413.11 81.87 -497.44" ridgemarker="1"/>
    <waypoint147 speed="0" angle="46.00" generated="true" pos="416.71 81.86 -493.97" ridgemarker="1"/>
    <waypoint148 speed="0" angle="46.00" generated="true" pos="420.31 81.86 -490.49" ridgemarker="1"/>
    <waypoint149 speed="0" angle="46.00" generated="true" pos="423.90 81.86 -487.02" ridgemarker="1"/>
    <waypoint150 speed="0" angle="46.00" generated="true" pos="427.50 81.85 -483.55" ridgemarker="1"/>
    <waypoint151 speed="0" angle="46.00" generated="true" pos="431.10 81.85 -480.07" ridgemarker="1"/>
    <waypoint152 speed="0" angle="46.00" generated="true" pos="434.69 81.84 -476.60" ridgemarker="1"/>
    <waypoint153 speed="0" angle="46.00" generated="true" pos="438.29 81.83 -473.13" ridgemarker="1"/>
    <waypoint154 speed="0" angle="46.00" generated="true" pos="441.89 81.83 -469.65" ridgemarker="1"/>
    <waypoint155 speed="0" angle="46.00" generated="true" pos="445.48 81.82 -466.18" ridgemarker="1"/>
    <waypoint156 speed="0" angle="46.00" generated="true" pos="449.08 81.81 -462.71" ridgemarker="1"/>
    <waypoint157 speed="0" angle="46.00" generated="true" pos="452.68 81.80 -459.23" ridgemarker="1"/>
    <waypoint158 speed="0" angle="46.00" generated="true" pos="456.27 81.78 -455.76" ridgemarker="1"/>
    <waypoint159 speed="0" angle="46.00" generated="true" pos="459.87 81.76 -452.29" ridgemarker="1"/>
    <waypoint160 speed="0" angle="46.00" generated="true" pos="463.47 81.73 -448.81" ridgemarker="1"/>
    <waypoint161 speed="0" angle="46.00" generated="true" pos="467.06 81.70 -445.34" ridgemarker="1"/>
    <waypoint162 speed="0" angle="46.00" generated="true" pos="470.66 81.66 -441.87" ridgemarker="1"/>
    <waypoint163 speed="0" angle="46.00" generated="true" pos="474.26 81.61 -438.39" ridgemarker="1"/>
    <waypoint164 speed="0" angle="46.00" generated="true" pos="477.85 81.55 -434.92" ridgemarker="1"/>
    <waypoint165 speed="0" angle="46.00" generated="true" pos="481.45 81.48 -431.45" ridgemarker="1"/>
    <waypoint166 speed="0" angle="46.00" generated="true" pos="485.05 81.39 -427.97" ridgemarker="1"/>
    <waypoint167 speed="0" angle="46.00" generated="true" pos="488.64 81.30 -424.50" ridgemarker="1"/>
    <waypoint168 speed="0" angle="46.00" generated="true" pos="492.24 81.19 -421.03" ridgemarker="1"/>
    <waypoint169 speed="0" angle="46.00" generated="true" pos="495.84 81.08 -417.55" ridgemarker="1"/>
    <waypoint170 turnstart="1" speed="0" angle="-179.97" generated="true" pos="499.37 80.97 -414.14"/>
    <waypoint171 speed="0" angle="-134.00" generated="true" pos="499.36 80.88 -435.00" turnend="1"/>
    <waypoint172 speed="0" angle="-134.00" generated="true" pos="497.14 80.94 -437.15"/>
    <waypoint173 speed="0" angle="-134.00" generated="true" pos="493.54 81.04 -440.62" ridgemarker="2"/>
    <waypoint174 speed="0" angle="-134.00" generated="true" pos="489.94 81.13 -444.10" ridgemarker="2"/>
    <waypoint175 speed="0" angle="-134.00" generated="true" pos="486.35 81.21 -447.57" ridgemarker="2"/>
    <waypoint176 speed="0" angle="-134.00" generated="true" pos="482.75 81.29 -451.04" ridgemarker="2"/>
    <waypoint177 speed="0" angle="-134.00" generated="true" pos="479.15 81.35 -454.52" ridgemarker="2"/>
    <waypoint178 speed="0" angle="-134.00" generated="true" pos="475.56 81.41 -457.99" ridgemarker="2"/>
    <waypoint179 speed="0" angle="-134.00" generated="true" pos="471.96 81.47 -461.46" ridgemarker="2"/>
    <waypoint180 speed="0" angle="-134.00" generated="true" pos="468.36 81.51 -464.94" ridgemarker="2"/>
    <waypoint181 speed="0" angle="-134.00" generated="true" pos="464.77 81.55 -468.41" ridgemarker="2"/>
    <waypoint182 speed="0" angle="-134.00" generated="true" pos="461.17 81.59 -471.88" ridgemarker="2"/>
    <waypoint183 speed="0" angle="-134.00" generated="true" pos="457.57 81.62 -475.36" ridgemarker="2"/>
    <waypoint184 speed="0" angle="-134.00" generated="true" pos="453.98 81.64 -478.83" ridgemarker="2"/>
    <waypoint185 speed="0" angle="-134.00" generated="true" pos="450.38 81.67 -482.30" ridgemarker="2"/>
    <waypoint186 speed="0" angle="-134.00" generated="true" pos="446.78 81.69 -485.78" ridgemarker="2"/>
    <waypoint187 speed="0" angle="-134.00" generated="true" pos="443.19 81.70 -489.25" ridgemarker="2"/>
    <waypoint188 speed="0" angle="-134.00" generated="true" pos="439.59 81.72 -492.72" ridgemarker="2"/>
    <waypoint189 speed="0" angle="-134.00" generated="true" pos="435.99 81.73 -496.20" ridgemarker="2"/>
    <waypoint190 speed="0" angle="-134.00" generated="true" pos="432.40 81.74 -499.67" ridgemarker="2"/>
    <waypoint191 speed="0" angle="-134.00" generated="true" pos="428.80 81.74 -503.14" ridgemarker="2"/>
    <waypoint192 speed="0" angle="-134.00" generated="true" pos="425.20 81.75 -506.62" ridgemarker="2"/>
    <waypoint193 speed="0" angle="-134.00" generated="true" pos="421.61 81.75 -510.09" ridgemarker="2"/>
    <waypoint194 speed="0" angle="-134.00" generated="true" pos="418.01 81.76 -513.56" ridgemarker="2"/>
    <waypoint195 speed="0" angle="-134.00" generated="true" pos="414.41 81.77 -517.04" ridgemarker="2"/>
    <waypoint196 speed="0" angle="-134.00" generated="true" pos="410.82 81.78 -520.51" ridgemarker="2"/>
    <waypoint197 speed="0" angle="-134.00" generated="true" pos="407.22 81.79 -523.98" ridgemarker="2"/>
    <waypoint198 speed="0" angle="-134.00" generated="true" pos="403.62 81.79 -527.46" ridgemarker="2"/>
    <waypoint199 speed="0" angle="-134.00" generated="true" pos="400.03 81.78 -530.93" ridgemarker="2"/>
    <waypoint200 speed="0" angle="-134.00" generated="true" pos="396.43 81.78 -534.40" ridgemarker="2"/>
    <waypoint201 speed="0" angle="-134.00" generated="true" pos="392.83 81.78 -537.88" ridgemarker="2"/>
    <waypoint202 speed="0" angle="-134.00" generated="true" pos="389.24 81.78 -541.35" ridgemarker="2"/>
    <waypoint203 speed="0" angle="-134.00" generated="true" pos="385.64 81.80 -544.82" ridgemarker="2"/>
    <waypoint204 speed="0" angle="-134.00" generated="true" pos="382.04 81.81 -548.30" ridgemarker="2"/>
    <waypoint205 speed="0" angle="-134.00" generated="true" pos="378.45 81.84 -551.77" ridgemarker="2"/>
    <waypoint206 speed="0" angle="-134.00" generated="true" pos="374.85 81.86 -555.24" ridgemarker="2"/>
    <waypoint207 speed="0" angle="-134.00" generated="true" pos="371.25 81.88 -558.72" ridgemarker="2"/>
    <waypoint208 speed="0" angle="-134.00" generated="true" pos="367.66 81.88 -562.19" ridgemarker="2"/>
    <waypoint209 speed="0" angle="-134.00" generated="true" pos="364.06 81.89 -565.66" ridgemarker="2"/>
    <waypoint210 speed="0" angle="-134.00" generated="true" pos="360.46 81.89 -569.14" ridgemarker="2"/>
    <waypoint211 speed="0" angle="-134.00" generated="true" pos="356.87 81.90 -572.61" ridgemarker="2"/>
    <waypoint212 speed="0" angle="-134.00" generated="true" pos="353.27 81.90 -576.08" ridgemarker="2"/>
    <waypoint213 speed="0" angle="-134.00" generated="true" pos="349.67 81.89 -579.56" ridgemarker="2"/>
    <waypoint214 speed="0" angle="-134.00" generated="true" pos="346.08 81.89 -583.03" ridgemarker="2"/>
    <waypoint215 speed="0" angle="-134.00" generated="true" pos="342.48 81.88 -586.50" ridgemarker="2"/>
    <waypoint216 speed="0" angle="-134.00" generated="true" pos="338.88 81.84 -589.98" ridgemarker="2"/>
    <waypoint217 speed="0" angle="-134.00" generated="true" pos="335.29 81.77 -593.45" ridgemarker="2"/>
    <waypoint218 speed="0" angle="-134.00" generated="true" pos="331.69 81.67 -596.92" ridgemarker="2"/>
    <waypoint219 speed="0" angle="-134.00" generated="true" pos="328.09 81.53 -600.40" ridgemarker="2"/>
    <waypoint220 speed="0" angle="-134.00" generated="true" pos="324.50 81.39 -603.87" ridgemarker="2"/>
    <waypoint221 turnstart="1" speed="0" angle="132.79" generated="true" pos="320.90 81.24 -607.34"/>
    <waypoint222 speed="0" angle="46.00" generated="true" pos="331.92 81.16 -617.55" turnend="1"/>
    <waypoint223 speed="0" angle="46.00" generated="true" pos="335.52 81.32 -614.07"/>
    <waypoint224 speed="0" angle="46.00" generated="true" pos="339.12 81.46 -610.60" ridgemarker="1"/>
    <waypoint225 speed="0" angle="46.00" generated="true" pos="342.71 81.59 -607.13" ridgemarker="1"/>
    <waypoint226 speed="0" angle="46.00" generated="true" pos="346.31 81.71 -603.65" ridgemarker="1"/>
    <waypoint227 speed="0" angle="46.00" generated="true" pos="349.91 81.79 -600.18" ridgemarker="1"/>
    <waypoint228 speed="0" angle="46.00" generated="true" pos="353.50 81.86 -596.71" ridgemarker="1"/>
    <waypoint229 speed="0" angle="46.00" generated="true" pos="357.10 81.88 -593.23" ridgemarker="1"/>
    <waypoint230 speed="0" angle="46.00" generated="true" pos="360.70 81.89 -589.76" ridgemarker="1"/>
    <waypoint231 speed="0" angle="46.00" generated="true" pos="364.29 81.89 -586.29" ridgemarker="1"/>
    <waypoint232 speed="0" angle="46.00" generated="true" pos="367.89 81.89 -582.81" ridgemarker="1"/>
    <waypoint233 speed="0" angle="46.00" generated="true" pos="371.49 81.89 -579.34" ridgemarker="1"/>
    <waypoint234 speed="0" angle="46.00" generated="true" pos="375.08 81.89 -575.87" ridgemarker="1"/>
    <waypoint235 speed="0" angle="46.00" generated="true" pos="378.68 81.88 -572.39" ridgemarker="1"/>
    <waypoint236 speed="0" angle="46.00" generated="true" pos="382.28 81.86 -568.92" ridgemarker="1"/>
    <waypoint237 speed="0" angle="46.00" generated="true" pos="385.87 81.84 -565.45" ridgemarker="1"/>
    <waypoint238 speed="0" angle="46.00" generated="true" pos="389.47 81.82 -561.97" ridgemarker="1"/>
    <waypoint239 speed="0" angle="46.00" generated="true" pos="393.07 81.77 -558.50" ridgemarker="1"/>
    <waypoint240 speed="0" angle="46.00" generated="true" pos="396.66 81.74 -555.03" ridgemarker="1"/>
    <waypoint241 speed="0" angle="46.00" generated="true" pos="400.26 81.70 -551.55" ridgemarker="1"/>
    <waypoint242 speed="0" angle="46.00" generated="true" pos="403.86 81.68 -548.08" ridgemarker="1"/>
    <waypoint243 speed="0" angle="46.00" generated="true" pos="407.45 81.67 -544.61" ridgemarker="1"/>
    <waypoint244 speed="0" angle="46.00" generated="true" pos="411.05 81.65 -541.13" ridgemarker="1"/>
    <waypoint245 speed="0" angle="46.00" generated="true" pos="414.65 81.64 -537.66" ridgemarker="1"/>
    <waypoint246 speed="0" angle="46.00" generated="true" pos="418.25 81.62 -534.19" ridgemarker="1"/>
    <waypoint247 speed="0" angle="46.00" generated="true" pos="421.84 81.60 -530.71" ridgemarker="1"/>
    <waypoint248 speed="0" angle="46.00" generated="true" pos="425.44 81.58 -527.24" ridgemarker="1"/>
    <waypoint249 speed="0" angle="46.00" generated="true" pos="429.04 81.56 -523.77" ridgemarker="1"/>
    <waypoint250 speed="0" angle="46.00" generated="true" pos="432.63 81.54 -520.29" ridgemarker="1"/>
    <waypoint251 speed="0" angle="46.00" generated="true" pos="436.23 81.52 -516.82" ridgemarker="1"/>
    <waypoint252 speed="0" angle="46.00" generated="true" pos="439.83 81.51 -513.35" ridgemarker="1"/>
    <waypoint253 speed="0" angle="46.00" generated="true" pos="443.42 81.49 -509.88" ridgemarker="1"/>
    <waypoint254 speed="0" angle="46.00" generated="true" pos="447.02 81.47 -506.40" ridgemarker="1"/>
    <waypoint255 speed="0" angle="46.00" generated="true" pos="450.62 81.45 -502.93" ridgemarker="1"/>
    <waypoint256 speed="0" angle="46.00" generated="true" pos="454.21 81.42 -499.46" ridgemarker="1"/>
    <waypoint257 speed="0" angle="46.00" generated="true" pos="457.81 81.38 -495.98" ridgemarker="1"/>
    <waypoint258 speed="0" angle="46.00" generated="true" pos="461.41 81.34 -492.51" ridgemarker="1"/>
    <waypoint259 speed="0" angle="46.00" generated="true" pos="465.00 81.29 -489.04" ridgemarker="1"/>
    <waypoint260 speed="0" angle="46.00" generated="true" pos="468.60 81.24 -485.56" ridgemarker="1"/>
    <waypoint261 speed="0" angle="46.00" generated="true" pos="472.20 81.18 -482.09" ridgemarker="1"/>
    <waypoint262 speed="0" angle="46.00" generated="true" pos="475.79 81.12 -478.62" ridgemarker="1"/>
    <waypoint263 speed="0" angle="46.00" generated="true" pos="479.39 81.05 -475.14" ridgemarker="1"/>
    <waypoint264 speed="0" angle="46.00" generated="true" pos="482.99 80.98 -471.67" ridgemarker="1"/>
    <waypoint265 speed="0" angle="46.00" generated="true" pos="486.58 80.91 -468.20" ridgemarker="1"/>
    <waypoint266 speed="0" angle="46.00" generated="true" pos="490.18 80.83 -464.72" ridgemarker="1"/>
    <waypoint267 speed="0" angle="46.00" generated="true" pos="493.78 80.74 -461.25" ridgemarker="1"/>
    <waypoint268 speed="0" angle="46.00" generated="true" pos="497.37 80.67 -457.78" ridgemarker="1"/>
    <waypoint269 turnstart="1" speed="0" angle="179.99" generated="true" pos="499.36 80.62 -455.86"/>
    <waypoint270 speed="0" angle="-134.00" generated="true" pos="499.36 80.29 -476.70" turnend="1"/>
    <waypoint271 speed="0" angle="-134.00" generated="true" pos="498.30 80.32 -477.74"/>
    <waypoint272 speed="0" angle="-134.00" generated="true" pos="494.70 80.40 -481.21" ridgemarker="2"/>
    <waypoint273 speed="0" angle="-134.00" generated="true" pos="491.10 80.48 -484.68" ridgemarker="2"/>
    <waypoint274 speed="0" angle="-134.00" generated="true" pos="487.50 80.56 -488.16" ridgemarker="2"/>
    <waypoint275 speed="0" angle="-134.00" generated="true" pos="483.91 80.64 -491.63" ridgemarker="2"/>
    <waypoint276 speed="0" angle="-134.00" generated="true" pos="480.31 80.72 -495.10" ridgemarker="2"/>
    <waypoint277 speed="0" angle="-134.00" generated="true" pos="476.71 80.80 -498.58" ridgemarker="2"/>
    <waypoint278 speed="0" angle="-134.00" generated="true" pos="473.12 80.88 -502.05" ridgemarker="2"/>
    <waypoint279 speed="0" angle="-134.00" generated="true" pos="469.52 80.95 -505.52" ridgemarker="2"/>
    <waypoint280 speed="0" angle="-134.00" generated="true" pos="465.92 81.01 -509.00" ridgemarker="2"/>
    <waypoint281 speed="0" angle="-134.00" generated="true" pos="462.33 81.07 -512.47" ridgemarker="2"/>
    <waypoint282 speed="0" angle="-134.00" generated="true" pos="458.73 81.12 -515.94" ridgemarker="2"/>
    <waypoint283 speed="0" angle="-134.00" generated="true" pos="455.13 81.17 -519.42" ridgemarker="2"/>
    <waypoint284 speed="0" angle="-134.00" generated="true" pos="451.54 81.22 -522.89" ridgemarker="2"/>
    <waypoint285 speed="0" angle="-134.00" generated="true" pos="447.94 81.26 -526.36" ridgemarker="2"/>
    <waypoint286 speed="0" angle="-134.00" generated="true" pos="444.34 81.30 -529.84" ridgemarker="2"/>
    <waypoint287 speed="0" angle="-134.00" generated="true" pos="440.75 81.35 -533.31" ridgemarker="2"/>
    <waypoint288 speed="0" angle="-134.00" generated="true" pos="437.15 81.40 -536.78" ridgemarker="2"/>
    <waypoint289 speed="0" angle="-134.00" generated="true" pos="433.55 81.44 -540.26" ridgemarker="2"/>
    <waypoint290 speed="0" angle="-134.00" generated="true" pos="429.96 81.49 -543.73" ridgemarker="2"/>
    <waypoint291 speed="0" angle="-134.00" generated="true" pos="426.36 81.53 -547.20" ridgemarker="2"/>
    <waypoint292 speed="0" angle="-134.00" generated="true" pos="422.76 81.58 -550.68" ridgemarker="2"/>
    <waypoint293 speed="0" angle="-134.00" generated="true" pos="419.17 81.62 -554.15" ridgemarker="2"/>
    <waypoint294 speed="0" angle="-134.00" generated="true" pos="415.57 81.66 -557.62" ridgemarker="2"/>
    <waypoint295 speed="0" angle="-134.00" generated="true" pos="411.97 81.71 -561.10" ridgemarker="2"/>
    <waypoint296 speed="0" angle="-134.00" generated="true" pos="408.38 81.75 -564.57" ridgemarker="2"/>
    <waypoint297 speed="0" angle="-134.00" generated="true" pos="404.78 81.79 -568.04" ridgemarker="2"/>
    <waypoint298 speed="0" angle="-134.00" generated="true" pos="401.18 81.83 -571.52" ridgemarker="2"/>
    <waypoint299 speed="0" angle="-134.00" generated="true" pos="397.59 81.86 -574.99" ridgemarker="2"/>
    <waypoint300 speed="0" angle="-134.00" generated="true" pos="393.99 81.88 -578.46" ridgemarker="2"/>
    <waypoint301 speed="0" angle="-134.00" generated="true" pos="390.39 81.89 -581.94" ridgemarker="2"/>
    <waypoint302 speed="0" angle="-134.00" generated="true" pos="386.80 81.89 -585.41" ridgemarker="2"/>
    <waypoint303 speed="0" angle="-134.00" generated="true" pos="383.20 81.90 -588.88" ridgemarker="2"/>
    <waypoint304 speed="0" angle="-134.00" generated="true" pos="379.60 81.89 -592.36" ridgemarker="2"/>
    <waypoint305 speed="0" angle="-134.00" generated="true" pos="376.01 81.89 -595.83" ridgemarker="2"/>
    <waypoint306 speed="0" angle="-134.00" generated="true" pos="372.41 81.88 -599.30" ridgemarker="2"/>
    <waypoint307 speed="0" angle="-134.00" generated="true" pos="368.81 81.86 -602.78" ridgemarker="2"/>
    <waypoint308 speed="0" angle="-134.00" generated="true" pos="365.22 81.80 -606.25" ridgemarker="2"/>
    <waypoint309 speed="0" angle="-134.00" generated="true" pos="361.62 81.71 -609.72" ridgemarker="2"/>
    <waypoint310 speed="0" angle="-134.00" generated="true" pos="358.02 81.60 -613.20" ridgemarker="2"/>
    <waypoint311 speed="0" angle="-134.00" generated="true" pos="354.43 81.48 -616.67" ridgemarker="2"/>
    <waypoint312 speed="0" angle="-134.00" generated="true" pos="350.83 81.37 -620.14" ridgemarker="2"/>
    <waypoint313 speed="0" angle="-134.00" generated="true" pos="347.23 81.26 -623.62" ridgemarker="2"/>
    <waypoint314 turnstart="1" speed="0" angle="128.45" generated="true" pos="343.64 81.14 -627.09"/>
    <waypoint315 speed="0" angle="46.00" generated="true" pos="355.49 81.20 -636.50" turnend="1"/>
    <waypoint316 speed="0" angle="46.00" generated="true" pos="359.08 81.26 -633.03"/>
    <waypoint317 speed="0" angle="46.00" generated="true" pos="362.68 81.32 -629.55" ridgemarker="1"/>
    <waypoint318 speed="0" angle="46.00" generated="true" pos="366.28 81.40 -626.08" ridgemarker="1"/>
    <waypoint319 speed="0" angle="46.00" generated="true" pos="369.87 81.50 -622.61" ridgemarker="1"/>
    <waypoint320 speed="0" angle="46.00" generated="true" pos="373.47 81.60 -619.13" ridgemarker="1"/>
    <waypoint321 speed="0" angle="46.00" generated="true" pos="377.07 81.71 -615.66" ridgemarker="1"/>
    <waypoint322 speed="0" angle="46.00" generated="true" pos="380.66 81.80 -612.19" ridgemarker="1"/>
    <waypoint323 speed="0" angle="46.00" generated="true" pos="384.26 81.85 -608.71" ridgemarker="1"/>
    <waypoint324 speed="0" angle="46.00" generated="true" pos="387.86 81.87 -605.24" ridgemarker="1"/>
    <waypoint325 speed="0" angle="46.00" generated="true" pos="391.45 81.88 -601.77" ridgemarker="1"/>
    <waypoint326 speed="0" angle="46.00" generated="true" pos="395.05 81.89 -598.29" ridgemarker="1"/>
    <waypoint327 speed="0" angle="46.00" generated="true" pos="398.65 81.89 -594.82" ridgemarker="1"/>
    <waypoint328 speed="0" angle="46.00" generated="true" pos="402.24 81.89 -591.35" ridgemarker="1"/>
    <waypoint329 speed="0" angle="46.00" generated="true" pos="405.84 81.88 -587.87" ridgemarker="1"/>
    <waypoint330 speed="0" angle="46.00" generated="true" pos="409.44 81.87 -584.40" ridgemarker="1"/>
    <waypoint331 speed="0" angle="46.00" generated="true" pos="413.03 81.85 -580.93" ridgemarker="1"/>
    <waypoint332 speed="0" angle="46.00" generated="true" pos="416.63 81.81 -577.45" ridgemarker="1"/>
    <waypoint333 speed="0" angle="46.00" generated="true" pos="420.23 81.77 -573.98" ridgemarker="1"/>
    <waypoint334 speed="0" angle="46.00" generated="true" pos="423.82 81.72 -570.51" ridgemarker="1"/>
    <waypoint335 speed="0" angle="46.00" generated="true" pos="427.42 81.66 -567.03" ridgemarker="1"/>
    <waypoint336 speed="0" angle="46.00" generated="true" pos="431.02 81.60 -563.56" ridgemarker="1"/>
    <waypoint337 speed="0" angle="46.00" generated="true" pos="434.61 81.53 -560.09" ridgemarker="1"/>
    <waypoint338 speed="0" angle="46.00" generated="true" pos="438.21 81.47 -556.61" ridgemarker="1"/>
    <waypoint339 speed="0" angle="46.00" generated="true" pos="441.81 81.40 -553.14" ridgemarker="1"/>
    <waypoint340 speed="0" angle="46.00" generated="true" pos="445.40 81.33 -549.67" ridgemarker="1"/>
    <waypoint341 speed="0" angle="46.00" generated="true" pos="449.00 81.25 -546.19" ridgemarker="1"/>
    <waypoint342 speed="0" angle="46.00" generated="true" pos="452.60 81.17 -542.72" ridgemarker="1"/>
    <waypoint343 speed="0" angle="46.00" generated="true" pos="456.19 81.09 -539.25" ridgemarker="1"/>
    <waypoint344 speed="0" angle="46.00" generated="true" pos="459.79 80.99 -535.77" ridgemarker="1"/>
    <waypoint345 speed="0" angle="46.00" generated="true" pos="463.39 80.90 -532.30" ridgemarker="1"/>
    <waypoint346 speed="0" angle="46.00" generated="true" pos="466.98 80.81 -528.83" ridgemarker="1"/>
    <waypoint347 speed="0" angle="46.00" generated="true" pos="470.58 80.71 -525.35" ridgemarker="1"/>
    <waypoint348 speed="0" angle="46.00" generated="true" pos="474.18 80.62 -521.88" ridgemarker="1"/>
    <waypoint349 speed="0" angle="46.00" generated="true" pos="477.77 80.53 -518.41" ridgemarker="1"/>
    <waypoint350 speed="0" angle="46.00" generated="true" pos="481.37 80.43 -514.93" ridgemarker="1"/>
    <waypoint351 speed="0" angle="46.00" generated="true" pos="484.97 80.33 -511.46" ridgemarker="1"/>
    <waypoint352 speed="0" angle="46.00" generated="true" pos="488.56 80.24 -507.99" ridgemarker="1"/>
    <waypoint353 speed="0" angle="46.00" generated="true" pos="492.16 80.14 -504.51" ridgemarker="1"/>
    <waypoint354 speed="0" angle="46.00" generated="true" pos="495.76 80.05 -501.04" ridgemarker="1"/>
    <waypoint355 turnstart="1" speed="0" angle="179.98" generated="true" pos="499.35 79.96 -497.57"/>
    <waypoint356 speed="0" angle="-134.00" generated="true" pos="499.36 79.65 -518.41" turnend="1"/>
    <waypoint357 speed="0" angle="-134.00" generated="true" pos="496.64 79.73 -521.04"/>
    <waypoint358 speed="0" angle="-134.00" generated="true" pos="493.04 79.84 -524.52" ridgemarker="2"/>
    <waypoint359 speed="0" angle="-134.00" generated="true" pos="489.44 79.95 -527.99" ridgemarker="2"/>
    <waypoint360 speed="0" angle="-134.00" generated="true" pos="485.85 80.08 -531.46" ridgemarker="2"/>
    <waypoint361 speed="0" angle="-134.00" generated="true" pos="482.25 80.21 -534.94" ridgemarker="2"/>
    <waypoint362 speed="0" angle="-134.00" generated="true" pos="478.65 80.35 -538.41" ridgemarker="2"/>
    <waypoint363 speed="0" angle="-134.00" generated="true" pos="475.06 80.50 -541.88" ridgemarker="2"/>
    <waypoint364 speed="0" angle="-134.00" generated="true" pos="471.46 80.66 -545.36" ridgemarker="2"/>
    <waypoint365 speed="0" angle="-134.00" generated="true" pos="467.86 80.82 -548.83" ridgemarker="2"/>
    <waypoint366 speed="0" angle="-134.00" generated="true" pos="464.27 80.96 -552.30" ridgemarker="2"/>
    <waypoint367 speed="0" angle="-134.00" generated="true" pos="460.67 81.09 -555.78" ridgemarker="2"/>
    <waypoint368 speed="0" angle="-134.00" generated="true" pos="457.07 81.20 -559.25" ridgemarker="2"/>
    <waypoint369 speed="0" angle="-134.00" generated="true" pos="453.48 81.31 -562.72" ridgemarker="2"/>
    <waypoint370 speed="0" angle="-134.00" generated="true" pos="449.88 81.40 -566.20" ridgemarker="2"/>
    <waypoint371 speed="0" angle="-134.00" generated="true" pos="446.28 81.49 -569.67" ridgemarker="2"/>
    <waypoint372 speed="0" angle="-134.00" generated="true" pos="442.69 81.58 -573.14" ridgemarker="2"/>
    <waypoint373 speed="0" angle="-134.00" generated="true" pos="439.09 81.67 -576.62" ridgemarker="2"/>
    <waypoint374 speed="0" angle="-134.00" generated="true" pos="435.49 81.74 -580.09" ridgemarker="2"/>
    <waypoint375 speed="0" angle="-134.00" generated="true" pos="431.90 81.79 -583.56" ridgemarker="2"/>
    <waypoint376 speed="0" angle="-134.00" generated="true" pos="428.30 81.84 -587.04" ridgemarker="2"/>
    <waypoint377 speed="0" angle="-134.00" generated="true" pos="424.70 81.87 -590.51" ridgemarker="2"/>
    <waypoint378 speed="0" angle="-134.00" generated="true" pos="421.11 81.88 -593.98" ridgemarker="2"/>
    <waypoint379 speed="0" angle="-134.00" generated="true" pos="417.51 81.89 -597.46" ridgemarker="2"/>
    <waypoint380 speed="0" angle="-134.00" generated="true" pos="413.91 81.89 -600.93" ridgemarker="2"/>
    <waypoint381 speed="0" angle="-134.00" generated="true" pos="410.32 81.89 -604.40" ridgemarker="2"/>
    <waypoint382 speed="0" angle="-134.00" generated="true" pos="406.72 81.88 -607.88" ridgemarker="2"/>
    <waypoint383 speed="0" angle="-134.00" generated="true" pos="403.12 81.85 -611.35" ridgemarker="2"/>
    <waypoint384 speed="0" angle="-134.00" generated="true" pos="399.53 81.81 -614.82" ridgemarker="2"/>
    <waypoint385 speed="0" angle="-134.00" generated="true" pos="395.93 81.74 -618.30" ridgemarker="2"/>
    <waypoint386 speed="0" angle="-134.00" generated="true" pos="392.33 81.66 -621.77" ridgemarker="2"/>
    <waypoint387 speed="0" angle="-134.00" generated="true" pos="388.73 81.56 -625.24" ridgemarker="2"/>
    <waypoint388 speed="0" angle="-134.00" generated="true" pos="385.14 81.46 -628.72" ridgemarker="2"/>
    <waypoint389 speed="0" angle="-134.00" generated="true" pos="381.54 81.37 -632.19" ridgemarker="2"/>
    <waypoint390 speed="0" angle="-134.00" generated="true" pos="377.94 81.30 -635.66" ridgemarker="2"/>
    <waypoint391 speed="0" angle="-134.00" generated="true" pos="374.35 81.26 -639.14" ridgemarker="2"/>
    <waypoint392 speed="0" angle="-134.00" generated="true" pos="370.75 81.27 -642.61" ridgemarker="2"/>
    <waypoint393 turnstart="1" speed="0" angle="132.98" generated="true" pos="367.15 81.31 -646.08"/>
    <waypoint394 speed="0" angle="46.00" generated="true" pos="378.14 81.26 -656.32" turnend="1"/>
    <waypoint395 speed="0" angle="46.00" generated="true" pos="381.74 81.22 -652.85"/>
    <waypoint396 speed="0" angle="46.00" generated="true" pos="385.34 81.19 -649.38" ridgemarker="1"/>
    <waypoint397 speed="0" angle="46.00" generated="true" pos="388.93 81.19 -645.90" ridgemarker="1"/>
    <waypoint398 speed="0" angle="46.00" generated="true" pos="392.53 81.22 -642.43" ridgemarker="1"/>
    <waypoint399 speed="0" angle="46.00" generated="true" pos="396.13 81.27 -638.96" ridgemarker="1"/>
    <waypoint400 speed="0" angle="46.00" generated="true" pos="399.72 81.36 -635.48" ridgemarker="1"/>
    <waypoint401 speed="0" angle="46.00" generated="true" pos="403.32 81.44 -632.01" ridgemarker="1"/>
    <waypoint402 speed="0" angle="46.00" generated="true" pos="406.92 81.55 -628.54" ridgemarker="1"/>
    <waypoint403 speed="0" angle="46.00" generated="true" pos="410.51 81.65 -625.06" ridgemarker="1"/>
    <waypoint404 speed="0" angle="46.00" generated="true" pos="414.11 81.74 -621.59" ridgemarker="1"/>
    <waypoint405 speed="0" angle="46.00" generated="true" pos="417.71 81.80 -618.12" ridgemarker="1"/>
    <waypoint406 speed="0" angle="46.00" generated="true" pos="421.31 81.84 -614.64" ridgemarker="1"/>
    <waypoint407 speed="0" angle="46.00" generated="true" pos="424.90 81.86 -611.17" ridgemarker="1"/>
    <waypoint408 speed="0" angle="46.00" generated="true" pos="428.50 81.87 -607.70" ridgemarker="1"/>
    <waypoint409 speed="0" angle="46.00" generated="true" pos="432.10 81.87 -604.22" ridgemarker="1"/>
    <waypoint410 speed="0" angle="46.00" generated="true" pos="435.69 81.85 -600.75" ridgemarker="1"/>
    <waypoint411 speed="0" angle="46.00" generated="true" pos="439.29 81.82 -597.28" ridgemarker="1"/>
    <waypoint412 speed="0" angle="46.00" generated="true" pos="442.89 81.76 -593.80" ridgemarker="1"/>
    <waypoint413 speed="0" angle="46.00" generated="true" pos="446.48 81.66 -590.33" ridgemarker="1"/>
    <waypoint414 speed="0" angle="46.00" generated="true" pos="450.08 81.54 -586.86" ridgemarker="1"/>
    <waypoint415 speed="0" angle="46.00" generated="true" pos="453.68 81.37 -583.38" ridgemarker="1"/>
    <waypoint416 speed="0" angle="46.00" generated="true" pos="457.27 81.18 -579.91" ridgemarker="1"/>
    <waypoint417 speed="0" angle="46.00" generated="true" pos="460.87 80.98 -576.44" ridgemarker="1"/>
    <waypoint418 speed="0" angle="46.00" generated="true" pos="464.47 80.80 -572.96" ridgemarker="1"/>
    <waypoint419 speed="0" angle="46.00" generated="true" pos="468.06 80.62 -569.49" ridgemarker="1"/>
    <waypoint420 speed="0" angle="46.00" generated="true" pos="471.66 80.44 -566.02" ridgemarker="1"/>
    <waypoint421 speed="0" angle="46.00" generated="true" pos="475.26 80.25 -562.54" ridgemarker="1"/>
    <waypoint422 speed="0" angle="46.00" generated="true" pos="478.85 80.06 -559.07" ridgemarker="1"/>
    <waypoint423 speed="0" angle="46.00" generated="true" pos="482.45 79.89 -555.60" ridgemarker="1"/>
    <waypoint424 speed="0" angle="46.00" generated="true" pos="486.05 79.73 -552.12" ridgemarker="1"/>
    <waypoint425 speed="0" angle="46.00" generated="true" pos="489.64 79.58 -548.65" ridgemarker="1"/>
    <waypoint426 speed="0" angle="46.00" generated="true" pos="493.24 79.46 -545.18" ridgemarker="1"/>
    <waypoint427 speed="0" angle="46.00" generated="true" pos="496.84 79.35 -541.70" ridgemarker="1"/>
    <waypoint428 turnstart="1" speed="0" angle="179.96" generated="true" pos="499.36 79.28 -539.26"/>
    <waypoint429 speed="0" angle="-134.00" generated="true" pos="499.38 78.62 -560.10" turnend="1"/>
    <waypoint430 speed="0" angle="-134.00" generated="true" pos="497.73 78.64 -561.69"/>
    <waypoint431 speed="0" angle="-134.00" generated="true" pos="494.14 78.73 -565.16" ridgemarker="2"/>
    <waypoint432 speed="0" angle="-134.00" generated="true" pos="490.54 78.84 -568.64" ridgemarker="2"/>
    <waypoint433 speed="0" angle="-134.00" generated="true" pos="486.94 78.96 -572.11" ridgemarker="2"/>
    <waypoint434 speed="0" angle="-134.00" generated="true" pos="483.35 79.10 -575.58" ridgemarker="2"/>
    <waypoint435 speed="0" angle="-134.00" generated="true" pos="479.75 79.29 -579.06" ridgemarker="2"/>
    <waypoint436 speed="0" angle="-134.00" generated="true" pos="476.15 79.50 -582.53" ridgemarker="2"/>
    <waypoint437 speed="0" angle="-134.00" generated="true" pos="472.56 79.73 -586.00" ridgemarker="2"/>
    <waypoint438 speed="0" angle="-134.00" generated="true" pos="468.96 79.98 -589.48" ridgemarker="2"/>
    <waypoint439 speed="0" angle="-134.00" generated="true" pos="465.36 80.23 -592.95" ridgemarker="2"/>
    <waypoint440 speed="0" angle="-134.00" generated="true" pos="461.77 80.48 -596.42" ridgemarker="2"/>
    <waypoint441 speed="0" angle="-134.00" generated="true" pos="458.17 80.73 -599.90" ridgemarker="2"/>
    <waypoint442 speed="0" angle="-134.00" generated="true" pos="454.57 80.95 -603.37" ridgemarker="2"/>
    <waypoint443 speed="0" angle="-134.00" generated="true" pos="450.98 81.15 -606.84" ridgemarker="2"/>
    <waypoint444 speed="0" angle="-134.00" generated="true" pos="447.38 81.31 -610.32" ridgemarker="2"/>
    <waypoint445 speed="0" angle="-134.00" generated="true" pos="443.78 81.43 -613.79" ridgemarker="2"/>
    <waypoint446 speed="0" angle="-134.00" generated="true" pos="440.19 81.48 -617.26" ridgemarker="2"/>
    <waypoint447 speed="0" angle="-134.00" generated="true" pos="436.59 81.49 -620.74" ridgemarker="2"/>
    <waypoint448 speed="0" angle="-134.00" generated="true" pos="432.99 81.49 -624.21" ridgemarker="2"/>
    <waypoint449 speed="0" angle="-134.00" generated="true" pos="429.40 81.45 -627.68" ridgemarker="2"/>
    <waypoint450 speed="0" angle="-134.00" generated="true" pos="425.80 81.40 -631.16" ridgemarker="2"/>
    <waypoint451 speed="0" angle="-134.00" generated="true" pos="422.20 81.33 -634.63" ridgemarker="2"/>
    <waypoint452 speed="0" angle="-134.00" generated="true" pos="418.61 81.26 -638.10" ridgemarker="2"/>
    <waypoint453 speed="0" angle="-134.00" generated="true" pos="415.01 81.18 -641.58" ridgemarker="2"/>
    <waypoint454 speed="0" angle="-134.00" generated="true" pos="411.41 81.12 -645.05" ridgemarker="2"/>
    <waypoint455 speed="0" angle="-134.00" generated="true" pos="407.82 81.07 -648.52" ridgemarker="2"/>
    <waypoint456 speed="0" angle="-134.00" generated="true" pos="404.22 81.05 -652.00" ridgemarker="2"/>
    <waypoint457 speed="0" angle="-134.00" generated="true" pos="400.62 81.05 -655.47" ridgemarker="2"/>
    <waypoint458 speed="0" angle="-134.00" generated="true" pos="397.03 81.06 -658.94" ridgemarker="2"/>
    <waypoint459 speed="0" angle="-134.00" generated="true" pos="393.43 81.07 -662.41" ridgemarker="2"/>
    <waypoint460 turnstart="1" speed="0" angle="128.83" generated="true" pos="389.83 81.08 -665.89"/>
    <waypoint461 speed="0" angle="46.00" generated="true" pos="401.04 80.84 -674.91" turnend="1"/>
    <waypoint462 speed="0" angle="46.00" generated="true" pos="404.63 80.85 -671.43"/>
    <waypoint463 speed="0" angle="46.00" generated="true" pos="408.23 80.85 -667.96"/>
    <waypoint464 speed="0" angle="46.00" generated="true" pos="411.83 80.84 -664.49"/>
    <waypoint465 speed="0" angle="46.00" generated="true" pos="415.42 80.85 -661.01"/>
    <waypoint466 speed="0" angle="46.00" generated="true" pos="419.02 80.85 -657.54"/>
    <waypoint467 speed="0" angle="46.00" generated="true" pos="422.62 80.86 -654.07"/>
    <waypoint468 speed="0" angle="46.00" generated="true" pos="426.21 80.86 -650.59"/>
    <waypoint469 speed="0" angle="46.00" generated="true" pos="429.81 80.85 -647.12"/>
    <waypoint470 speed="0" angle="46.00" generated="true" pos="433.41 80.81 -643.65"/>
    <waypoint471 speed="0" angle="46.00" generated="true" pos="437.00 80.76 -640.17"/>
    <waypoint472 speed="0" angle="46.00" generated="true" pos="440.60 80.67 -636.70"/>
    <waypoint473 speed="0" angle="46.00" generated="true" pos="444.20 80.57 -633.23"/>
    <waypoint474 speed="0" angle="46.00" generated="true" pos="447.79 80.43 -629.75"/>
    <waypoint475 speed="0" angle="46.00" generated="true" pos="451.39 80.30 -626.28"/>
    <waypoint476 speed="0" angle="46.00" generated="true" pos="454.99 80.16 -622.81"/>
    <waypoint477 speed="0" angle="46.00" generated="true" pos="458.58 80.02 -619.33"/>
    <waypoint478 speed="0" angle="46.00" generated="true" pos="462.18 79.88 -615.86"/>
    <waypoint479 speed="0" angle="46.00" generated="true" pos="465.78 79.75 -612.39"/>
    <waypoint480 speed="0" angle="46.00" generated="true" pos="469.37 79.63 -608.92"/>
    <waypoint481 speed="0" angle="46.00" generated="true" pos="472.97 79.51 -605.44"/>
    <waypoint482 speed="0" angle="46.00" generated="true" pos="476.57 79.38 -601.97"/>
    <waypoint483 speed="0" angle="46.00" generated="true" pos="480.16 79.26 -598.50"/>
    <waypoint484 speed="0" angle="46.00" generated="true" pos="483.76 79.15 -595.02"/>
    <waypoint485 speed="0" angle="46.00" generated="true" pos="487.36 79.02 -591.55"/>
    <waypoint486 speed="0" angle="46.00" generated="true" pos="490.95 78.90 -588.08"/>
    <waypoint487 speed="0" angle="46.00" generated="true" pos="494.55 78.76 -584.60"/>
    <waypoint488 speed="0" angle="46.00" generated="true" pos="498.15 78.63 -581.13"/>
    <waypoint489 speed="0" angle="8.53" generated="true" pos="499.38 78.58 -579.94"/>
    <waypoint490 speed="0" lane="-2" angle="0.38" generated="true" pos="501.12 78.46 -568.36" isconnectingtrack="true"/>
    <waypoint491 speed="0" lane="-2" angle="-0.23" generated="true" pos="501.15 78.49 -563.37" isconnectingtrack="true"/>
    <waypoint492 speed="0" lane="-2" angle="-0.27" generated="true" pos="501.13 78.59 -558.50" isconnectingtrack="true"/>
    <waypoint493 speed="0" lane="-2" angle="0.24" generated="true" pos="501.11 78.74 -553.41" isconnectingtrack="true"/>
    <waypoint494 speed="0" lane="-2" angle="0.20" generated="true" pos="501.13 78.91 -548.32" isconnectingtrack="true"/>
    <waypoint495 speed="0" lane="-2" angle="-0.41" generated="true" pos="501.14 79.07 -543.44" isconnectingtrack="true"/>
    <waypoint496 speed="0" lane="-2" angle="0.10" generated="true" pos="501.11 79.21 -538.46" isconnectingtrack="true"/>
    <waypoint497 speed="0" lane="-2" angle="0.06" generated="true" pos="501.12 79.32 -533.37" isconnectingtrack="true"/>
    <waypoint498 speed="0" lane="-2" angle="0.02" generated="true" pos="501.12 79.42 -528.39" isconnectingtrack="true"/>
    <waypoint499 speed="0" lane="-2" angle="-0.03" generated="true" pos="501.12 79.50 -523.40" isconnectingtrack="true"/>
    <waypoint500 speed="0" lane="-2" angle="-0.08" generated="true" pos="501.12 79.58 -518.43" isconnectingtrack="true"/>
    <waypoint501 speed="0" lane="-2" angle="-0.12" generated="true" pos="501.11 79.65 -513.44" isconnectingtrack="true"/>
    <waypoint502 speed="0" lane="-2" angle="0.40" generated="true" pos="501.10 79.73 -508.35" isconnectingtrack="true"/>
    <waypoint503 speed="0" lane="-2" angle="-0.21" generated="true" pos="501.14 79.81 -503.37" isconnectingtrack="true"/>
    <waypoint504 speed="0" lane="-2" angle="0.30" generated="true" pos="501.12 79.88 -498.39" isconnectingtrack="true"/>
    <waypoint505 speed="0" lane="-2" angle="-0.31" generated="true" pos="501.15 79.96 -493.40" isconnectingtrack="true"/>
    <waypoint506 speed="0" lane="-2" angle="0.21" generated="true" pos="501.12 80.04 -488.42" isconnectingtrack="true"/>
    <waypoint507 speed="0" lane="-2" angle="-0.40" generated="true" pos="501.14 80.12 -483.44" isconnectingtrack="true"/>
    <waypoint508 speed="0" lane="-2" angle="0.12" generated="true" pos="501.10 80.20 -478.46" isconnectingtrack="true"/>
    <waypoint509 speed="0" lane="-2" angle="0.07" generated="true" pos="501.11 80.28 -473.37" isconnectingtrack="true"/>
    <waypoint510 speed="0" lane="-2" angle="0.03" generated="true" pos="501.12 80.36 -468.38" isconnectingtrack="true"/>
    <waypoint511 speed="0" lane="-2" angle="-0.02" generated="true" pos="501.12 80.44 -463.40" isconnectingtrack="true"/>
    <waypoint512 speed="0" lane="-2" angle="-0.07" generated="true" pos="501.12 80.51 -458.42" isconnectingtrack="true"/>
    <waypoint513 speed="0" lane="-2" angle="-0.11" generated="true" pos="501.11 80.59 -453.44" isconnectingtrack="true"/>
    <waypoint514 speed="0" lane="-2" angle="0.41" generated="true" pos="501.10 80.66 -448.35" isconnectingtrack="true"/>
    <waypoint515 speed="0" lane="-2" angle="-0.21" generated="true" pos="501.14 80.72 -443.37" isconnectingtrack="true"/>
    <waypoint516 speed="0" lane="-2" angle="-0.25" generated="true" pos="501.12 80.78 -438.49" isconnectingtrack="true"/>
    <waypoint517 speed="0" lane="-2" angle="0.27" generated="true" pos="501.10 80.83 -433.40" isconnectingtrack="true"/>
    <waypoint518 speed="0" lane="-2" angle="0.23" generated="true" pos="501.12 80.87 -428.31" isconnectingtrack="true"/>
    <waypoint519 speed="0" lane="-2" angle="-0.39" generated="true" pos="501.14 80.90 -423.43" isconnectingtrack="true"/>
    <waypoint520 speed="0" lane="-2" angle="0.13" generated="true" pos="501.11 80.91 -418.45" isconnectingtrack="true"/>
    <waypoint521 speed="0" lane="-2" angle="0.09" generated="true" pos="501.12 80.91 -413.36" isconnectingtrack="true"/>
    <waypoint522 speed="0" lane="-2" angle="0.04" generated="true" pos="501.13 80.90 -408.37" isconnectingtrack="true"/>
    <waypoint523 speed="0" lane="-2" angle="-0.01" generated="true" pos="501.13 80.89 -403.40" isconnectingtrack="true"/>
    <waypoint524 speed="0" lane="-2" angle="-0.08" generated="true" pos="501.13 80.89 -398.40" isconnectingtrack="true"/>
    <waypoint525 speed="0" lane="-2" angle="-0.14" generated="true" pos="501.12 80.91 -388.45"/>
    <waypoint526 speed="0" lane="-2" angle="0.37" generated="true" pos="501.10 80.94 -383.36"/>
    <waypoint527 turnstart="1" speed="0" lane="-2" angle="-1.19" generated="true" pos="501.14 80.98 -378.39"/>
    <waypoint528 speed="0" lane="-2" angle="-87.13" generated="true" pos="501.07 81.02 -375.02" turnend="1"/>
    <waypoint529 speed="0" lane="-2" angle="-90.25" generated="true" pos="497.79 81.14 -374.86"/>
    <waypoint530 speed="0" lane="-2" angle="-89.73" generated="true" pos="492.84 81.33 -374.88"/>
    <waypoint531 speed="0" lane="-2" angle="-90.34" generated="true" pos="487.86 81.52 -374.86"/>
    <waypoint532 speed="0" lane="-2" angle="-89.83" generated="true" pos="482.88 81.74 -374.89"/>
    <waypoint533 speed="0" lane="-2" angle="-91.72" generated="true" pos="477.88 81.99 -374.87"/>
    <waypoint534 speed="0" lane="-2" angle="-114.80" generated="true" pos="475.93 82.08 -374.93"/>
    <waypoint535 speed="0" lane="-2" angle="-130.77" generated="true" pos="475.44 82.10 -375.16"/>
    <waypoint536 speed="0" lane="-2" angle="-135.40" generated="true" pos="473.67 82.13 -376.68"/>
    <waypoint537 speed="0" lane="-2" angle="-134.88" generated="true" pos="470.26 82.16 -380.13"/>
    <waypoint538 speed="0" lane="-2" angle="-135.50" generated="true" pos="466.73 82.19 -383.65"/>
    <waypoint539 speed="0" lane="-2" angle="-135.54" generated="true" pos="463.32 82.22 -387.13"/>
    <waypoint540 speed="0" lane="-2" angle="-135.59" generated="true" pos="459.83 82.22 -390.68"/>
    <waypoint541 speed="0" lane="-2" angle="-135.63" generated="true" pos="456.34 82.23 -394.24"/>
    <waypoint542 speed="0" lane="-2" angle="-135.67" generated="true" pos="452.85 82.22 -397.81"/>
    <waypoint543 speed="0" lane="-2" angle="-135.13" generated="true" pos="449.30 82.20 -401.45"/>
    <waypoint544 speed="0" lane="-2" angle="-134.07" generated="true" pos="445.56 82.18 -405.21"/>
    <waypoint545 speed="0" lane="-2" angle="-134.66" generated="true" pos="441.90 82.16 -408.75"/>
    <waypoint546 speed="0" lane="-2" angle="-134.15" generated="true" pos="438.35 82.15 -412.25"/>
    <waypoint547 speed="0" lane="-2" angle="-134.76" generated="true" pos="434.78 82.14 -415.72"/>
    <waypoint548 speed="0" lane="-2" angle="-137.49" generated="true" pos="431.71 82.14 -418.76"/>
    <waypoint549 speed="0" lane="-2" angle="-134.89" generated="true" pos="430.83 82.14 -419.73"/>
    <waypoint550 speed="0" lane="-2" angle="-134.22" generated="true" pos="426.81 82.14 -423.73"/>
    <waypoint551 speed="0" lane="-2" angle="-134.26" generated="true" pos="423.15 82.14 -427.29"/>
    <waypoint552 speed="0" lane="-2" angle="-134.88" generated="true" pos="419.66 82.13 -430.69"/>
    <waypoint553 speed="0" lane="-2" angle="-135.49" generated="true" pos="416.28 82.13 -434.05"/>
    <waypoint554 speed="0" lane="-2" angle="-134.98" generated="true" pos="412.79 82.12 -437.61"/>
    <waypoint555 speed="0" lane="-2" angle="-135.59" generated="true" pos="409.27 82.10 -441.13"/>
    <waypoint556 speed="0" lane="-2" angle="-135.63" generated="true" pos="405.85 82.08 -444.61"/>
    <waypoint557 speed="0" lane="-2" angle="-135.12" generated="true" pos="402.30 82.06 -448.25"/>
    <waypoint558 speed="0" lane="-2" angle="-135.73" generated="true" pos="398.78 82.05 -451.78"/>
    <waypoint559 speed="0" lane="-2" angle="-135.76" generated="true" pos="395.38 82.04 -455.27"/>
    <waypoint560 speed="0" lane="-2" angle="-134.70" generated="true" pos="391.75 82.05 -459.00"/>
    <waypoint561 speed="0" lane="-2" angle="-134.72" generated="true" pos="388.06 82.09 -462.65"/>
    <waypoint562 speed="0" lane="-2" angle="-134.21" generated="true" pos="384.44 82.16 -466.23"/>
    <waypoint563 speed="0" lane="-2" angle="-134.82" generated="true" pos="380.87 82.22 -469.71"/>
    <waypoint564 speed="0" lane="-2" angle="-134.30" generated="true" pos="377.33 82.29 -473.22"/>
    <waypoint565 speed="0" lane="-2" angle="-134.34" generated="true" pos="373.69 82.34 -476.77"/>
    <waypoint566 speed="0" lane="-2" angle="-134.96" generated="true" pos="370.21 82.37 -480.18"/>
    <waypoint567 speed="0" lane="-2" angle="-135.01" generated="true" pos="366.76 82.39 -483.63"/>
    <waypoint568 speed="0" lane="-2" angle="-135.06" generated="true" pos="363.23 82.40 -487.15"/>
    <waypoint569 speed="0" lane="-2" angle="-135.67" generated="true" pos="359.79 82.39 -490.60"/>
    <waypoint570 speed="0" lane="-2" angle="-135.15" generated="true" pos="356.31 82.39 -494.16"/>
    <waypoint571 speed="0" lane="-2" angle="-135.77" generated="true" pos="352.79 82.44 -497.70"/>
    <waypoint572 speed="0" lane="-2" angle="-135.81" generated="true" pos="349.39 82.45 -501.19"/>
    <waypoint573 speed="0" lane="-2" angle="-135.29" generated="true" pos="345.85 82.40 -504.84"/>
    <waypoint574 speed="0" lane="-2" angle="-135.31" generated="true" pos="342.26 82.34 -508.46"/>
    <waypoint575 speed="0" lane="-2" angle="-134.26" generated="true" pos="338.61 82.30 -512.15"/>
    <waypoint576 speed="0" lane="-2" angle="-134.28" generated="true" pos="334.89 82.27 -515.78"/>
    <waypoint577 speed="0" lane="-2" angle="-134.33" generated="true" pos="331.32 82.27 -519.26"/>
    <waypoint578 speed="0" lane="-2" angle="-134.95" generated="true" pos="327.83 82.27 -522.66"/>
    <waypoint579 speed="0" lane="-2" angle="-134.43" generated="true" pos="324.31 82.28 -526.18"/>
    <waypoint580 speed="0" lane="-2" angle="-134.47" generated="true" pos="320.67 82.29 -529.75"/>
    <waypoint581 speed="0" lane="-2" angle="-135.09" generated="true" pos="317.19 82.32 -533.16"/>
    <waypoint582 speed="0" lane="-2" angle="-135.14" generated="true" pos="313.75 82.35 -536.62"/>
    <waypoint583 speed="0" lane="-2" angle="-135.18" generated="true" pos="310.24 82.33 -540.15"/>
    <waypoint584 speed="0" lane="-2" angle="-135.80" generated="true" pos="306.80 82.27 -543.61"/>
    <waypoint585 speed="0" lane="-2" angle="-135.85" generated="true" pos="303.40 82.26 -547.10"/>
    <waypoint586 speed="0" lane="-2" angle="-135.33" generated="true" pos="299.86 82.21 -550.75"/>
    <waypoint587 speed="0" lane="-2" angle="-135.37" generated="true" pos="296.28 82.12 -554.37"/>
    <waypoint588 speed="0" lane="-2" angle="-135.40" generated="true" pos="292.78 82.02 -557.92"/>
    <waypoint589 speed="0" lane="-2" angle="-134.34" generated="true" pos="289.13 82.02 -561.62"/>
    <waypoint590 speed="0" lane="-2" angle="-134.37" generated="true" pos="285.41 82.06 -565.25"/>
    <waypoint591 speed="0" lane="-2" angle="-134.41" generated="true" pos="281.85 82.08 -568.73"/>
    <waypoint592 speed="0" lane="-2" angle="-134.46" generated="true" pos="278.29 82.06 -572.22"/>
    <waypoint593 turnstart="1" speed="0" lane="-2" angle="-143.90" generated="true" pos="274.77 82.07 -575.68"/>
    <waypoint594 speed="0" lane="-2" angle="133.44" generated="true" pos="274.14 82.09 -576.54" turnend="1"/>
    <waypoint595 speed="0" lane="-2" angle="126.81" generated="true" pos="277.47 81.86 -579.70"/>
    <waypoint596 speed="0" lane="-2" angle="128.30" generated="true" pos="280.62 81.70 -582.05"/>
    <waypoint597 speed="0" lane="-2" angle="133.06" generated="true" pos="285.49 81.54 -585.91"/>
    <waypoint598 speed="0" lane="-2" angle="129.50" generated="true" pos="289.34 81.45 -589.50"/>
    <waypoint599 speed="0" lane="-2" angle="126.99" generated="true" pos="292.26 81.38 -591.90"/>
    <waypoint600 speed="0" lane="-2" angle="131.31" generated="true" pos="296.55 81.29 -595.14"/>
    <waypoint601 speed="0" lane="-2" angle="131.08" generated="true" pos="300.90 81.20 -598.96"/>
    <waypoint602 speed="0" lane="-2" angle="129.88" generated="true" pos="304.45 81.15 -602.05"/>
    <waypoint603 speed="0" lane="-2" angle="126.98" generated="true" pos="307.69 81.10 -604.77"/>
    <waypoint604 speed="0" lane="-2" angle="127.65" generated="true" pos="311.31 81.08 -607.49"/>
    <waypoint605 speed="0" lane="-2" angle="133.52" generated="true" pos="316.29 81.04 -611.33"/>
    <waypoint606 speed="0" lane="-2" angle="127.64" generated="true" pos="319.90 81.01 -614.76"/>
    <waypoint607 speed="0" lane="-2" angle="133.44" generated="true" pos="323.85 81.00 -617.80"/>
    <waypoint608 speed="0" lane="-2" angle="127.31" generated="true" pos="327.48 80.98 -621.24"/>
    <waypoint609 speed="0" lane="-2" angle="127.42" generated="true" pos="330.46 80.98 -623.51"/>
    <waypoint610 speed="0" lane="-2" angle="133.29" generated="true" pos="335.37 80.98 -627.27"/>
    <waypoint611 speed="0" lane="-2" angle="127.19" generated="true" pos="339.02 81.00 -630.71"/>
    <waypoint612 speed="0" lane="-2" angle="128.15" generated="true" pos="342.15 81.03 -633.08"/>
    <waypoint613 speed="0" lane="-2" angle="132.89" generated="true" pos="346.95 81.05 -636.86"/>
    <waypoint614 speed="0" lane="-2" angle="129.42" generated="true" pos="350.81 81.11 -640.44"/>
    <waypoint615 speed="0" lane="-2" angle="131.48" generated="true" pos="354.44 81.19 -643.43"/>
    <waypoint616 speed="0" lane="-2" angle="127.27" generated="true" pos="357.87 81.27 -646.46"/>
    <waypoint617 speed="0" lane="-2" angle="131.16" generated="true" pos="361.82 81.33 -649.46"/>
    <waypoint618 speed="0" lane="-2" angle="130.10" generated="true" pos="365.98 81.36 -653.10"/>
    <waypoint619 speed="0" lane="-2" angle="134.39" generated="true" pos="370.27 81.36 -656.71"/>
    <waypoint620 speed="0" lane="-2" angle="126.76" generated="true" pos="373.42 81.34 -659.79"/>
    <waypoint621 speed="0" lane="-2" angle="127.53" generated="true" pos="376.31 81.30 -661.95"/>
    <waypoint622 speed="0" lane="-2" angle="133.75" generated="true" pos="381.37 81.21 -665.84"/>
    <waypoint623 speed="0" lane="-2" angle="126.63" generated="true" pos="384.91 81.11 -669.23"/>
    <waypoint624 speed="0" lane="-2" angle="127.76" generated="true" pos="387.91 81.04 -671.46"/>
    <waypoint625 speed="0" lane="-2" angle="133.27" generated="true" pos="392.89 80.92 -675.32"/>
    <waypoint626 speed="0" lane="-2" angle="128.18" generated="true" pos="396.59 80.83 -678.80"/>
    <waypoint627 speed="0" lane="-2" angle="131.28" generated="true" pos="400.49 80.75 -681.86"/>
    <waypoint628 speed="0" lane="-2" angle="126.28" generated="true" pos="401.43 80.73 -682.70"/>
    <waypoint629 speed="0" lane="-2" angle="105.28" generated="true" pos="401.87 80.72 -683.01"/>
    <waypoint630 speed="0" lane="-2" angle="86.80" generated="true" pos="402.57 80.72 -683.21"/>
    <waypoint631 speed="0" lane="-2" angle="71.78" generated="true" pos="403.25 80.71 -683.17"/>
    <waypoint632 speed="0" lane="-2" angle="51.30" generated="true" pos="403.86 80.71 -682.97"/>
    <waypoint633 speed="0" lane="-2" angle="48.04" generated="true" pos="405.78 80.71 -681.43"/>
    <waypoint634 speed="0" lane="-2" angle="50.11" generated="true" pos="409.55 80.72 -678.04"/>
    <waypoint635 speed="0" lane="-2" angle="47.03" generated="true" pos="413.22 80.71 -674.97"/>
    <waypoint636 speed="0" lane="-2" angle="50.92" generated="true" pos="417.01 80.71 -671.45"/>
    <waypoint637 speed="0" lane="-2" angle="47.45" generated="true" pos="420.95 80.70 -668.24"/>
    <waypoint638 speed="0" lane="-2" angle="50.90" generated="true" pos="424.63 80.69 -664.87"/>
    <waypoint639 speed="0" lane="-2" angle="47.81" generated="true" pos="428.57 80.67 -661.67"/>
    <waypoint640 speed="0" lane="-2" angle="50.36" generated="true" pos="432.19 80.65 -658.38"/>
    <waypoint641 speed="0" lane="-2" angle="48.16" generated="true" pos="436.10 80.60 -655.14"/>
    <waypoint642 speed="0" lane="-2" angle="48.72" generated="true" pos="439.58 80.54 -652.02"/>
    <waypoint643 speed="0" lane="-2" angle="50.30" generated="true" pos="443.64 80.43 -648.46"/>
    <waypoint644 speed="0" lane="-2" angle="47.27" generated="true" pos="447.26 80.31 -645.46"/>
    <waypoint645 speed="0" lane="-2" angle="51.60" generated="true" pos="451.13 80.15 -641.88"/>
    <waypoint646 speed="0" lane="-2" angle="51.93" generated="true" pos="455.76 79.95 -638.21"/>
    <waypoint647 speed="0" lane="-2" angle="47.14" generated="true" pos="458.98 79.82 -635.69"/>
    <waypoint648 speed="0" lane="-2" angle="51.43" generated="true" pos="462.60 79.69 -632.33"/>
    <waypoint649 speed="0" lane="-2" angle="47.40" generated="true" pos="466.56 79.57 -629.17"/>
    <waypoint650 speed="0" lane="-2" angle="50.41" generated="true" pos="470.09 79.49 -625.92"/>
    <waypoint651 speed="0" lane="-2" angle="48.28" generated="true" pos="474.08 79.44 -622.62"/>
    <waypoint652 speed="0" lane="-2" angle="49.34" generated="true" pos="477.65 79.41 -619.44"/>
    <waypoint653 speed="0" lane="-2" angle="49.31" generated="true" pos="481.59 79.38 -616.05"/>
    <waypoint654 speed="0" lane="-2" angle="48.20" generated="true" pos="485.22 79.36 -612.94"/>
    <waypoint655 speed="0" lane="-2" angle="50.27" generated="true" pos="489.08 79.32 -609.48"/>
    <waypoint656 speed="0" lane="-2" angle="47.20" generated="true" pos="492.77 79.26 -606.42"/>
    <waypoint657 speed="0" lane="-2" angle="51.09" generated="true" pos="496.57 79.16 -602.90"/>
    <waypoint658 speed="0" lane="-2" angle="41.65" generated="true" pos="500.38 79.04 -599.82"/>
    <waypoint659 speed="0" lane="-2" angle="32.11" generated="true" pos="500.80 79.02 -599.35"/>
    <waypoint660 speed="0" lane="-2" angle="18.74" generated="true" pos="501.17 78.99 -598.76"/>
    <waypoint661 speed="0" lane="-2" angle="-4.60" generated="true" pos="501.46 78.96 -597.91"/>
    <waypoint662 speed="0" lane="-2" angle="-0.40" generated="true" pos="501.18 78.87 -594.44"/>
    <waypoint663 speed="0" lane="-2" angle="0.00" generated="true" pos="501.14 78.70 -588.44"/>
    <waypoint664 speed="0" lane="-2" angle="-0.04" generated="true" pos="501.14 78.59 -583.40"/>
    <waypoint665 speed="0" lane="-2" angle="-0.09" generated="true" pos="501.14 78.52 -578.43"/>
    <waypoint666 speed="0" lane="-2" angle="-0.13" generated="true" pos="501.13 78.48 -573.44"/>
    <waypoint667 speed="0" lane="-2" angle="0.38" generated="true" pos="501.12 78.46 -568.36"/>
    <waypoint668 speed="0" lane="-2" angle="-0.23" generated="true" pos="501.15 78.49 -563.37"/>
    <waypoint669 speed="0" lane="-2" angle="-0.27" generated="true" pos="501.13 78.59 -558.50"/>
    <waypoint670 speed="0" lane="-2" angle="0.24" generated="true" pos="501.11 78.74 -553.41"/>
    <waypoint671 speed="0" lane="-2" angle="0.20" generated="true" pos="501.13 78.91 -548.32"/>
    <waypoint672 speed="0" lane="-2" angle="-0.41" generated="true" pos="501.14 79.07 -543.44"/>
    <waypoint673 speed="0" lane="-2" angle="0.10" generated="true" pos="501.11 79.21 -538.46"/>
    <waypoint674 speed="0" lane="-2" angle="0.06" generated="true" pos="501.12 79.32 -533.37"/>
    <waypoint675 speed="0" lane="-2" angle="0.02" generated="true" pos="501.12 79.42 -528.39"/>
    <waypoint676 speed="0" lane="-2" angle="-0.03" generated="true" pos="501.12 79.50 -523.40"/>
    <waypoint677 speed="0" lane="-2" angle="-0.08" generated="true" pos="501.12 79.58 -518.43"/>
    <waypoint678 speed="0" lane="-2" angle="-0.12" generated="true" pos="501.11 79.65 -513.44"/>
    <waypoint679 speed="0" lane="-2" angle="0.40" generated="true" pos="501.10 79.73 -508.35"/>
    <waypoint680 speed="0" lane="-2" angle="-0.21" generated="true" pos="501.14 79.81 -503.37"/>
    <waypoint681 speed="0" lane="-2" angle="0.30" generated="true" pos="501.12 79.88 -498.39"/>
    <waypoint682 speed="0" lane="-2" angle="-0.31" generated="true" pos="501.15 79.96 -493.40"/>
    <waypoint683 speed="0" lane="-2" angle="0.21" generated="true" pos="501.12 80.04 -488.42"/>
    <waypoint684 speed="0" lane="-2" angle="-0.40" generated="true" pos="501.14 80.12 -483.44"/>
    <waypoint685 speed="0" lane="-2" angle="0.12" generated="true" pos="501.10 80.20 -478.46"/>
    <waypoint686 speed="0" lane="-2" angle="0.07" generated="true" pos="501.11 80.28 -473.37"/>
    <waypoint687 speed="0" lane="-2" angle="0.03" generated="true" pos="501.12 80.36 -468.38"/>
    <waypoint688 speed="0" lane="-2" angle="-0.02" generated="true" pos="501.12 80.44 -463.40"/>
    <waypoint689 speed="0" lane="-2" angle="-0.07" generated="true" pos="501.12 80.51 -458.42"/>
    <waypoint690 speed="0" lane="-2" angle="-0.11" generated="true" pos="501.11 80.59 -453.44"/>
    <waypoint691 speed="0" lane="-2" angle="0.41" generated="true" pos="501.10 80.66 -448.35"/>
    <waypoint692 speed="0" lane="-2" angle="-0.21" generated="true" pos="501.14 80.72 -443.37"/>
    <waypoint693 speed="0" lane="-2" angle="-0.25" generated="true" pos="501.12 80.78 -438.49"/>
    <waypoint694 speed="0" lane="-2" angle="0.27" generated="true" pos="501.10 80.83 -433.40"/>
    <waypoint695 speed="0" lane="-2" angle="0.23" generated="true" pos="501.12 80.87 -428.31"/>
    <waypoint696 speed="0" lane="-2" angle="-0.39" generated="true" pos="501.14 80.90 -423.43"/>
    <waypoint697 speed="0" lane="-2" angle="0.13" generated="true" pos="501.11 80.91 -418.45"/>
    <waypoint698 speed="0" lane="-2" angle="0.09" generated="true" pos="501.12 80.91 -413.36"/>
    <waypoint699 speed="0" lane="-2" angle="0.04" generated="true" pos="501.13 80.90 -408.37"/>
    <waypoint700 speed="0" lane="-2" angle="-0.01" generated="true" pos="501.13 80.89 -403.40"/>
    <waypoint701 speed="0" lane="-2" angle="20.84" generated="true" pos="501.13 80.89 -398.40"/>
    <waypoint702 speed="0" lane="-1" angle="36.43" generated="true" pos="503.74 80.82 -391.54"/>
    <waypoint703 speed="0" lane="-1" angle="24.85" generated="true" pos="511.59 80.62 -380.90"/>
    <waypoint704 speed="0" lane="-1" angle="0.28" generated="true" pos="515.07 80.56 -373.40"/>
    <waypoint705 speed="0" lane="-1" angle="-0.33" generated="true" pos="515.09 80.59 -368.41"/>
    <waypoint706 turnstart="1" speed="0" lane="-1" angle="-0.65" generated="true" pos="515.06 80.63 -363.44"/>
    <waypoint707 speed="0" lane="-1" angle="-87.41" generated="true" pos="515.03 80.64 -361.01" turnend="1"/>
    <waypoint708 speed="0" lane="-1" angle="-90.12" generated="true" pos="512.79 80.72 -360.91"/>
    <waypoint709 speed="0" lane="-1" angle="-90.16" generated="true" pos="507.86 80.93 -360.92"/>
    <waypoint710 speed="0" lane="-1" angle="-89.64" generated="true" pos="502.83 81.17 -360.94"/>
    <waypoint711 speed="0" lane="-1" angle="-90.25" generated="true" pos="497.84 81.44 -360.91"/>
    <waypoint712 speed="0" lane="-1" angle="-89.73" generated="true" pos="492.84 81.73 -360.93"/>
    <waypoint713 speed="0" lane="-1" angle="-90.35" generated="true" pos="487.85 82.04 -360.91"/>
    <waypoint714 speed="0" lane="-1" angle="-89.82" generated="true" pos="482.86 82.36 -360.94"/>
    <waypoint715 speed="0" lane="-1" angle="-89.87" generated="true" pos="477.83 82.71 -360.92"/>
    <waypoint716 speed="0" lane="-1" angle="-91.31" generated="true" pos="472.86 83.06 -360.91"/>
    <waypoint717 speed="0" lane="-1" angle="-108.60" generated="true" pos="471.23 83.17 -360.95"/>
    <waypoint718 speed="0" lane="-1" angle="-128.20" generated="true" pos="469.70 83.25 -361.46"/>
    <waypoint719 speed="0" lane="-1" angle="-134.79" generated="true" pos="467.29 83.31 -363.35"/>
    <waypoint720 speed="0" lane="-1" angle="-135.40" generated="true" pos="463.88 83.34 -366.74"/>
    <waypoint721 speed="0" lane="-1" angle="-134.88" generated="true" pos="460.38 83.37 -370.29"/>
    <waypoint722 speed="0" lane="-1" angle="-135.50" generated="true" pos="456.84 83.41 -373.82"/>
    <waypoint723 speed="0" lane="-1" angle="-135.54" generated="true" pos="453.36 83.45 -377.35"/>
    <waypoint724 speed="0" lane="-1" angle="-135.59" generated="true" pos="449.86 83.45 -380.92"/>
    <waypoint725 speed="0" lane="-1" angle="-135.63" generated="true" pos="446.37 83.44 -384.48"/>
    <waypoint726 speed="0" lane="-1" angle="-135.68" generated="true" pos="442.88 83.38 -388.05"/>
    <waypoint727 speed="0" lane="-1" angle="-135.14" generated="true" pos="439.36 83.32 -391.65"/>
    <waypoint728 speed="0" lane="-1" angle="-134.06" generated="true" pos="435.76 83.26 -395.27"/>
    <waypoint729 speed="0" lane="-1" angle="-134.67" generated="true" pos="432.14 83.24 -398.77"/>
    <waypoint730 speed="0" lane="-1" angle="-134.14" generated="true" pos="428.59 83.23 -402.28"/>
    <waypoint731 speed="0" lane="-1" angle="-134.76" generated="true" pos="425.01 83.26 -405.76"/>
    <waypoint732 speed="0" lane="-1" angle="-137.86" generated="true" pos="421.64 83.28 -409.11"/>
    <waypoint733 speed="0" lane="-1" angle="-134.80" generated="true" pos="420.75 83.28 -410.08"/>
    <waypoint734 speed="0" lane="-1" angle="-134.22" generated="true" pos="417.03 83.29 -413.78"/>
    <waypoint735 speed="0" lane="-1" angle="-134.26" generated="true" pos="413.42 83.28 -417.29"/>
    <waypoint736 speed="0" lane="-1" angle="-134.88" generated="true" pos="409.87 83.27 -420.75"/>
    <waypoint737 speed="0" lane="-1" angle="-135.50" generated="true" pos="406.39 83.24 -424.22"/>
    <waypoint738 speed="0" lane="-1" angle="-134.98" generated="true" pos="402.89 83.18 -427.78"/>
    <waypoint739 speed="0" lane="-1" angle="-135.59" generated="true" pos="399.35 83.09 -431.31"/>
    <waypoint740 speed="0" lane="-1" angle="-135.64" generated="true" pos="395.88 83.01 -434.85"/>
    <waypoint741 speed="0" lane="-1" angle="-135.12" generated="true" pos="392.37 82.95 -438.45"/>
    <waypoint742 speed="0" lane="-1" angle="-135.73" generated="true" pos="388.84 82.91 -441.99"/>
    <waypoint743 speed="0" lane="-1" angle="-135.77" generated="true" pos="385.38 82.90 -445.54"/>
    <waypoint744 speed="0" lane="-1" angle="-134.69" generated="true" pos="381.85 82.97 -449.17"/>
    <waypoint745 speed="0" lane="-1" angle="-134.73" generated="true" pos="378.24 83.12 -452.74"/>
    <waypoint746 speed="0" lane="-1" angle="-134.20" generated="true" pos="374.67 83.26 -456.28"/>
    <waypoint747 speed="0" lane="-1" angle="-134.82" generated="true" pos="371.09 83.40 -459.76"/>
    <waypoint748 speed="0" lane="-1" angle="-134.30" generated="true" pos="367.55 83.50 -463.28"/>
    <waypoint749 speed="0" lane="-1" angle="-134.34" generated="true" pos="363.95 83.58 -466.79"/>
    <waypoint750 speed="0" lane="-1" angle="-134.96" generated="true" pos="360.40 83.62 -470.26"/>
    <waypoint751 speed="0" lane="-1" angle="-135.01" generated="true" pos="356.89 83.66 -473.76"/>
    <waypoint752 speed="0" lane="-1" angle="-135.06" generated="true" pos="353.36 83.64 -477.29"/>
    <waypoint753 speed="0" lane="-1" angle="-135.67" generated="true" pos="349.86 83.63 -480.80"/>
    <waypoint754 speed="0" lane="-1" angle="-135.15" generated="true" pos="346.37 83.63 -484.37"/>
    <waypoint755 speed="0" lane="-1" angle="-135.77" generated="true" pos="342.85 83.65 -487.91"/>
    <waypoint756 speed="0" lane="-1" angle="-135.81" generated="true" pos="339.39 83.68 -491.46"/>
    <waypoint757 speed="0" lane="-1" angle="-135.29" generated="true" pos="335.89 83.69 -495.07"/>
    <waypoint758 speed="0" lane="-1" angle="-135.33" generated="true" pos="332.35 83.64 -498.65"/>
    <waypoint759 speed="0" lane="-1" angle="-134.25" generated="true" pos="328.78 83.48 -502.25"/>
    <waypoint760 speed="0" lane="-1" angle="-134.28" generated="true" pos="325.15 83.40 -505.79"/>
    <waypoint761 speed="0" lane="-1" angle="-134.33" generated="true" pos="321.58 83.47 -509.28"/>
    <waypoint762 speed="0" lane="-1" angle="-134.95" generated="true" pos="318.03 83.50 -512.74"/>
    <waypoint763 speed="0" lane="-1" angle="-134.43" generated="true" pos="314.50 83.45 -516.27"/>
    <waypoint764 speed="0" lane="-1" angle="-134.47" generated="true" pos="310.90 83.41 -519.79"/>
    <waypoint765 speed="0" lane="-1" angle="-135.09" generated="true" pos="307.37 83.44 -523.26"/>
    <waypoint766 speed="0" lane="-1" angle="-135.14" generated="true" pos="303.87 83.49 -526.77"/>
    <waypoint767 speed="0" lane="-1" angle="-135.18" generated="true" pos="300.35 83.53 -530.31"/>
    <waypoint768 speed="0" lane="-1" angle="-135.80" generated="true" pos="296.85 83.51 -533.83"/>
    <waypoint769 speed="0" lane="-1" angle="-135.85" generated="true" pos="293.40 83.42 -537.38"/>
    <waypoint770 speed="0" lane="-1" angle="-135.33" generated="true" pos="289.89 83.37 -540.99"/>
    <waypoint771 speed="0" lane="-1" angle="-135.37" generated="true" pos="286.35 83.31 -544.57"/>
    <waypoint772 speed="0" lane="-1" angle="-135.41" generated="true" pos="282.85 83.23 -548.12"/>
    <waypoint773 speed="0" lane="-1" angle="-134.33" generated="true" pos="279.29 83.23 -551.73"/>
    <waypoint774 speed="0" lane="-1" angle="-134.37" generated="true" pos="275.66 83.26 -555.27"/>
    <waypoint775 speed="0" lane="-1" angle="-134.41" generated="true" pos="272.09 83.30 -558.77"/>
    <waypoint776 speed="0" lane="-1" angle="-134.46" generated="true" pos="268.52 83.33 -562.26"/>
    <waypoint777 speed="0" lane="-1" angle="-134.51" generated="true" pos="264.96 83.40 -565.76"/>
    <waypoint778 speed="0" lane="-1" angle="-135.12" generated="true" pos="261.43 83.48 -569.23"/>
    <waypoint779 speed="0" lane="-1" angle="-134.60" generated="true" pos="257.90 83.60 -572.77"/>
    <waypoint780 turnstart="1" speed="0" lane="-1" angle="-142.62" generated="true" pos="254.37 83.78 -576.26"/>
    <waypoint781 speed="0" lane="-1" angle="134.08" generated="true" pos="253.40 83.82 -577.52" turnend="1"/>
    <waypoint782 speed="0" lane="-1" angle="126.91" generated="true" pos="256.88 83.27 -580.89"/>
    <waypoint783 speed="0" lane="-1" angle="127.18" generated="true" pos="260.50 82.89 -583.61"/>
    <waypoint784 speed="0" lane="-1" angle="133.94" generated="true" pos="264.86 82.50 -586.91"/>
    <waypoint785 speed="0" lane="-1" angle="126.78" generated="true" pos="268.44 82.24 -590.37"/>
    <waypoint786 speed="0" lane="-1" angle="128.05" generated="true" pos="272.13 82.01 -593.12"/>
    <waypoint787 speed="0" lane="-1" angle="133.36" generated="true" pos="276.41 81.77 -596.47"/>
    <waypoint788 speed="0" lane="-1" angle="129.50" generated="true" pos="280.12 81.56 -599.97"/>
    <waypoint789 speed="0" lane="-1" angle="126.75" generated="true" pos="283.63 81.37 -602.87"/>
    <waypoint790 speed="0" lane="-1" angle="131.54" generated="true" pos="287.75 81.12 -605.95"/>
    <waypoint791 speed="0" lane="-1" angle="131.08" generated="true" pos="291.71 80.87 -609.45"/>
    <waypoint792 speed="0" lane="-1" angle="129.88" generated="true" pos="295.39 80.67 -612.66"/>
    <waypoint793 speed="0" lane="-1" angle="126.97" generated="true" pos="299.02 80.59 -615.70"/>
    <waypoint794 speed="0" lane="-1" angle="127.24" generated="true" pos="302.87 80.54 -618.59"/>
    <waypoint795 speed="0" lane="-1" angle="134.00" generated="true" pos="307.22 80.48 -621.90"/>
    <waypoint796 speed="0" lane="-1" angle="127.16" generated="true" pos="310.81 80.41 -625.37"/>
    <waypoint797 speed="0" lane="-1" angle="133.91" generated="true" pos="314.79 80.38 -628.39"/>
    <waypoint798 speed="0" lane="-1" angle="127.31" generated="true" pos="318.41 80.33 -631.87"/>
    <waypoint799 speed="0" lane="-1" angle="127.01" generated="true" pos="322.01 80.32 -634.61"/>
    <waypoint800 speed="0" lane="-1" angle="133.77" generated="true" pos="326.35 80.36 -637.88"/>
    <waypoint801 speed="0" lane="-1" angle="127.18" generated="true" pos="329.97 80.40 -641.36"/>
    <waypoint802 speed="0" lane="-1" angle="127.89" generated="true" pos="333.63 80.48 -644.13"/>
    <waypoint803 speed="0" lane="-1" angle="133.19" generated="true" pos="337.90 80.56 -647.45"/>
    <waypoint804 speed="0" lane="-1" angle="129.36" generated="true" pos="341.61 80.64 -650.94"/>
    <waypoint805 speed="0" lane="-1" angle="131.54" generated="true" pos="345.39 80.77 -654.04"/>
    <waypoint806 speed="0" lane="-1" angle="127.07" generated="true" pos="349.02 80.94 -657.25"/>
    <waypoint807 speed="0" lane="-1" angle="131.35" generated="true" pos="353.00 81.21 -660.26"/>
    <waypoint808 speed="0" lane="-1" angle="129.87" generated="true" pos="356.89 81.46 -663.69"/>
    <waypoint809 speed="0" lane="-1" angle="134.66" generated="true" pos="360.90 81.58 -667.03"/>
    <waypoint810 speed="0" lane="-1" angle="126.76" generated="true" pos="364.31 81.59 -670.40"/>
    <waypoint811 speed="0" lane="-1" angle="127.07" generated="true" pos="367.90 81.47 -673.09"/>
    <waypoint812 speed="0" lane="-1" angle="134.31" generated="true" pos="372.30 81.26 -676.41"/>
    <waypoint813 speed="0" lane="-1" angle="126.62" generated="true" pos="375.86 81.12 -679.88"/>
    <waypoint814 speed="0" lane="-1" angle="127.41" generated="true" pos="379.49 80.92 -682.58"/>
    <waypoint815 speed="0" lane="-1" angle="133.69" generated="true" pos="383.84 80.84 -685.91"/>
    <waypoint816 speed="0" lane="-1" angle="127.86" generated="true" pos="387.48 80.77 -689.38"/>
    <waypoint817 speed="0" lane="-1" angle="133.64" generated="true" pos="391.42 80.68 -692.45"/>
    <waypoint818 speed="0" lane="-1" angle="126.99" generated="true" pos="395.00 80.58 -695.86"/>
    <waypoint819 speed="0" lane="-1" angle="128.78" generated="true" pos="398.75 80.49 -698.69"/>
    <waypoint820 speed="0" lane="-1" angle="123.99" generated="true" pos="400.83 80.44 -700.36"/>
    <waypoint821 speed="0" lane="-1" angle="113.65" generated="true" pos="401.79 80.42 -701.00"/>
    <waypoint822 speed="0" lane="-1" angle="102.03" generated="true" pos="402.39 80.41 -701.27"/>
    <waypoint823 speed="0" lane="-1" angle="77.22" generated="true" pos="403.17 80.40 -701.43"/>
    <waypoint824 speed="0" lane="-1" angle="60.92" generated="true" pos="403.79 80.39 -701.29"/>
    <waypoint825 speed="0" lane="-1" angle="49.03" generated="true" pos="404.59 80.40 -700.85"/>
    <waypoint826 speed="0" lane="-1" angle="49.19" generated="true" pos="407.36 80.44 -698.44"/>
    <waypoint827 speed="0" lane="-1" angle="49.71" generated="true" pos="411.19 80.48 -695.13"/>
    <waypoint828 speed="0" lane="-1" angle="47.98" generated="true" pos="414.95 80.51 -691.95"/>
    <waypoint829 speed="0" lane="-1" angle="50.16" generated="true" pos="418.68 80.54 -688.58"/>
    <waypoint830 speed="0" lane="-1" angle="46.84" generated="true" pos="422.46 80.55 -685.43"/>
    <waypoint831 speed="0" lane="-1" angle="51.12" generated="true" pos="426.16 80.57 -681.96"/>
    <waypoint832 speed="0" lane="-1" angle="47.29" generated="true" pos="430.07 80.58 -678.81"/>
    <waypoint833 speed="0" lane="-1" angle="51.06" generated="true" pos="433.74 80.59 -675.42"/>
    <waypoint834 speed="0" lane="-1" angle="47.72" generated="true" pos="437.65 80.59 -672.26"/>
    <waypoint835 speed="0" lane="-1" angle="50.44" generated="true" pos="441.32 80.58 -668.92"/>
    <waypoint836 speed="0" lane="-1" angle="48.15" generated="true" pos="445.20 80.55 -665.72"/>
    <waypoint837 speed="0" lane="-1" angle="48.69" generated="true" pos="448.84 80.49 -662.46"/>
    <waypoint838 speed="0" lane="-1" angle="50.33" generated="true" pos="452.70 80.40 -659.07"/>
    <waypoint839 speed="0" lane="-1" angle="47.02" generated="true" pos="456.46 80.30 -655.95"/>
    <waypoint840 speed="0" lane="-1" angle="51.82" generated="true" pos="460.20 80.17 -652.47"/>
    <waypoint841 speed="0" lane="-1" angle="51.93" generated="true" pos="464.38 80.04 -649.18"/>
    <waypoint842 speed="0" lane="-1" angle="46.89" generated="true" pos="468.06 79.94 -646.30"/>
    <waypoint843 speed="0" lane="-1" angle="51.68" generated="true" pos="471.70 79.83 -642.89"/>
    <waypoint844 speed="0" lane="-1" angle="47.28" generated="true" pos="475.64 79.76 -639.77"/>
    <waypoint845 speed="0" lane="-1" angle="50.52" generated="true" pos="479.26 79.72 -636.43"/>
    <waypoint846 speed="0" lane="-1" angle="48.27" generated="true" pos="483.17 79.71 -633.21"/>
    <waypoint847 speed="0" lane="-1" angle="49.35" generated="true" pos="486.84 79.66 -629.94"/>
    <waypoint848 speed="0" lane="-1" angle="49.31" generated="true" pos="490.69 79.66 -626.63"/>
    <waypoint849 speed="0" lane="-1" angle="48.15" generated="true" pos="494.42 79.63 -623.43"/>
    <waypoint850 speed="0" lane="-1" angle="50.33" generated="true" pos="498.19 79.57 -620.05"/>
    <waypoint851 speed="0" lane="-1" angle="47.01" generated="true" pos="501.98 79.50 -616.90"/>
    <waypoint852 speed="0" lane="-1" angle="51.29" generated="true" pos="505.68 79.36 -613.45"/>
    <waypoint853 speed="0" lane="-1" angle="46.91" generated="true" pos="509.58 79.20 -610.33"/>
    <waypoint854 speed="0" lane="-1" angle="51.02" generated="true" pos="513.22 78.98 -606.92"/>
    <waypoint855 speed="0" lane="-1" angle="32.58" generated="true" pos="514.43 78.90 -605.95"/>
    <waypoint856 speed="0" lane="-1" angle="14.22" generated="true" pos="514.84 78.87 -605.30"/>
    <waypoint857 speed="0" lane="-1" angle="0.14" generated="true" pos="515.56 78.71 -602.44"/>
    <waypoint858 speed="0" lane="-1" angle="-5.44" generated="true" pos="515.57 78.56 -598.73"/>
    <waypoint859 speed="0" lane="-1" angle="-0.14" generated="true" pos="515.10 78.40 -593.77"/>
    <waypoint860 speed="0" lane="-1" angle="0.00" generated="true" pos="515.09 78.24 -588.41"/>
    <waypoint861 speed="0" lane="-1" angle="-0.04" generated="true" pos="515.09 78.14 -583.40"/>
    <waypoint862 speed="0" lane="-1" angle="-0.09" generated="true" pos="515.09 78.07 -578.41"/>
    <waypoint863 speed="0" lane="-1" angle="-0.13" generated="true" pos="515.08 78.04 -573.42"/>
    <waypoint864 speed="0" lane="-1" angle="0.39" generated="true" pos="515.07 78.05 -568.39"/>
    <waypoint865 speed="0" lane="-1" angle="-0.23" generated="true" pos="515.10 78.10 -563.39"/>
    <waypoint866 speed="0" lane="-1" angle="-0.28" generated="true" pos="515.08 78.16 -558.44"/>
    <waypoint867 speed="0" lane="-1" angle="0.25" generated="true" pos="515.06 78.24 -553.40"/>
    <waypoint868 speed="0" lane="-1" angle="0.20" generated="true" pos="515.08 78.35 -548.37"/>
    <waypoint869 speed="0" lane="-1" angle="-0.42" generated="true" pos="515.09 78.47 -543.42"/>
    <waypoint870 speed="0" lane="-1" angle="0.11" generated="true" pos="515.06 78.59 -538.42"/>
    <waypoint871 speed="0" lane="-1" angle="0.06" generated="true" pos="515.07 78.72 -533.39"/>
    <waypoint872 speed="0" lane="-1" angle="0.02" generated="true" pos="515.07 78.82 -528.40"/>
    <waypoint873 speed="0" lane="-1" angle="-0.03" generated="true" pos="515.07 78.93 -523.40"/>
    <waypoint874 speed="0" lane="-1" angle="-0.08" generated="true" pos="515.07 79.02 -518.41"/>
    <waypoint875 speed="0" lane="-1" angle="-0.12" generated="true" pos="515.06 79.12 -513.42"/>
    <waypoint876 speed="0" lane="-1" angle="0.40" generated="true" pos="515.05 79.22 -508.38"/>
    <waypoint877 speed="0" lane="-1" angle="-0.22" generated="true" pos="515.09 79.31 -503.39"/>
    <waypoint878 speed="0" lane="-1" angle="0.31" generated="true" pos="515.07 79.40 -498.40"/>
    <waypoint879 speed="0" lane="-1" angle="-0.31" generated="true" pos="515.10 79.49 -493.40"/>
    <waypoint880 speed="0" lane="-1" angle="0.21" generated="true" pos="515.07 79.57 -488.41"/>
    <waypoint881 speed="0" lane="-1" angle="-0.40" generated="true" pos="515.09 79.66 -483.42"/>
    <waypoint882 speed="0" lane="-1" angle="0.12" generated="true" pos="515.05 79.73 -478.42"/>
    <waypoint883 speed="0" lane="-1" angle="0.07" generated="true" pos="515.06 79.81 -473.39"/>
    <waypoint884 speed="0" lane="-1" angle="0.03" generated="true" pos="515.07 79.88 -468.40"/>
    <waypoint885 speed="0" lane="-1" angle="-0.02" generated="true" pos="515.07 79.95 -463.40"/>
    <waypoint886 speed="0" lane="-1" angle="-0.07" generated="true" pos="515.07 80.03 -458.41"/>
    <waypoint887 speed="0" lane="-1" angle="-0.11" generated="true" pos="515.06 80.10 -453.42"/>
    <waypoint888 speed="0" lane="-1" angle="0.41" generated="true" pos="515.05 80.17 -448.38"/>
    <waypoint889 speed="0" lane="-1" angle="-0.21" generated="true" pos="515.09 80.25 -443.39"/>
    <waypoint890 speed="0" lane="-1" angle="-0.25" generated="true" pos="515.07 80.31 -438.43"/>
    <waypoint891 speed="0" lane="-1" angle="0.27" generated="true" pos="515.05 80.37 -433.40"/>
    <waypoint892 speed="0" lane="-1" angle="0.23" generated="true" pos="515.07 80.42 -428.37"/>
    <waypoint893 speed="0" lane="-1" angle="-0.39" generated="true" pos="515.09 80.45 -423.41"/>
    <waypoint894 speed="0" lane="-1" angle="0.13" generated="true" pos="515.06 80.48 -418.42"/>
    <waypoint895 speed="0" lane="-1" angle="0.09" generated="true" pos="515.07 80.49 -413.39"/>
    <waypoint896 speed="0" lane="-1" angle="0.04" generated="true" pos="515.08 80.49 -408.39"/>
    <waypoint897 speed="0" lane="-1" angle="-0.01" generated="true" pos="515.08 80.49 -403.40"/>
    <waypoint898 speed="0" lane="-1" angle="-0.06" generated="true" pos="515.08 80.48 -398.40"/>
    <waypoint899 speed="0" lane="-1" angle="-0.10" generated="true" pos="515.08 80.48 -393.41"/>
    <waypoint900 speed="0" lane="-1" angle="-0.15" generated="true" pos="515.07 80.49 -388.42"/>
    <waypoint901 speed="0" lane="-1" angle="-130.42" generated="true" pos="515.05 80.51 -383.39" crossing="1" wait="1"/>
</course>
