﻿<CPFields>
    <field fieldNum="1" numPoints="106">
        <point1 pos="-304.16 83.82 -75.93"/>
        <point2 pos="-299.16 83.94 -75.94"/>
        <point3 pos="-294.16 84.05 -75.95"/>
        <point4 pos="-289.16 84.16 -75.91"/>
        <point5 pos="-284.16 84.26 -75.92"/>
        <point6 pos="-279.16 84.36 -75.94"/>
        <point7 pos="-274.16 84.44 -75.92"/>
        <point8 pos="-268.40 84.51 -76.17"/>
        <point9 pos="-268.40 84.64 -81.17"/>
        <point10 pos="-268.41 84.79 -86.17"/>
        <point11 pos="-268.42 84.92 -91.17"/>
        <point12 pos="-268.43 85.04 -96.17"/>
        <point13 pos="-268.45 85.16 -101.17"/>
        <point14 pos="-268.42 85.29 -106.17"/>
        <point15 pos="-268.45 85.42 -111.17"/>
        <point16 pos="-268.43 85.57 -116.17"/>
        <point17 pos="-268.41 85.72 -121.17"/>
        <point18 pos="-268.45 85.85 -126.17"/>
        <point19 pos="-268.44 85.97 -131.17"/>
        <point20 pos="-268.44 86.08 -136.17"/>
        <point21 pos="-268.44 86.20 -141.17"/>
        <point22 pos="-268.44 86.33 -146.17"/>
        <point23 pos="-268.45 86.46 -151.17"/>
        <point24 pos="-268.41 86.59 -156.17"/>
        <point25 pos="-268.42 86.71 -161.17"/>
        <point26 pos="-268.44 86.83 -166.17"/>
        <point27 pos="-268.42 86.95 -171.17"/>
        <point28 pos="-268.44 87.07 -176.17"/>
        <point29 pos="-268.43 87.19 -181.17"/>
        <point30 pos="-268.41 87.31 -186.17"/>
        <point31 pos="-268.40 87.43 -191.17"/>
        <point32 pos="-268.45 87.56 -196.17"/>
        <point33 pos="-268.44 87.70 -201.17"/>
        <point34 pos="-268.44 87.83 -206.17"/>
        <point35 pos="-268.45 87.98 -211.17"/>
        <point36 pos="-268.41 88.12 -216.17"/>
        <point37 pos="-268.42 88.28 -221.17"/>
        <point38 pos="-268.44 88.44 -226.17"/>
        <point39 pos="-268.41 88.60 -231.17"/>
        <point40 pos="-268.44 88.76 -236.17"/>
        <point41 pos="-268.42 88.93 -241.17"/>
        <point42 pos="-268.45 89.10 -246.17"/>
        <point43 pos="-268.44 89.25 -251.17"/>
        <point44 pos="-268.43 89.40 -256.17"/>
        <point45 pos="-268.90 89.46 -259.10"/>
        <point46 pos="-273.90 89.34 -259.10"/>
        <point47 pos="-278.90 89.20 -259.09"/>
        <point48 pos="-283.90 89.05 -259.09"/>
        <point49 pos="-288.90 88.90 -259.08"/>
        <point50 pos="-293.90 88.75 -259.06"/>
        <point51 pos="-298.90 88.59 -259.09"/>
        <point52 pos="-303.90 88.42 -259.07"/>
        <point53 pos="-308.90 88.23 -259.09"/>
        <point54 pos="-313.90 88.03 -259.06"/>
        <point55 pos="-318.90 87.83 -259.07"/>
        <point56 pos="-323.90 87.64 -259.09"/>
        <point57 pos="-328.90 87.47 -259.09"/>
        <point58 pos="-333.90 87.35 -259.10"/>
        <point59 pos="-338.90 87.29 -259.09"/>
        <point60 pos="-343.90 87.28 -259.09"/>
        <point61 pos="-346.00 87.25 -258.34"/>
        <point62 pos="-345.99 87.05 -253.34"/>
        <point63 pos="-345.97 86.86 -248.34"/>
        <point64 pos="-346.00 86.69 -243.34"/>
        <point65 pos="-345.97 86.52 -238.34"/>
        <point66 pos="-345.99 86.36 -233.34"/>
        <point67 pos="-345.96 86.21 -228.34"/>
        <point68 pos="-345.98 86.06 -223.34"/>
        <point69 pos="-345.98 85.90 -218.34"/>
        <point70 pos="-345.99 85.76 -213.34"/>
        <point71 pos="-345.99 85.61 -208.34"/>
        <point72 pos="-345.99 85.46 -203.34"/>
        <point73 pos="-345.98 85.32 -198.34"/>
        <point74 pos="-345.97 85.17 -193.34"/>
        <point75 pos="-345.96 85.03 -188.34"/>
        <point76 pos="-345.99 84.89 -183.34"/>
        <point77 pos="-345.96 84.76 -178.34"/>
        <point78 pos="-345.99 84.62 -173.34"/>
        <point79 pos="-345.96 84.48 -168.34"/>
        <point80 pos="-345.97 84.36 -163.34"/>
        <point81 pos="-345.98 84.23 -158.34"/>
        <point82 pos="-345.99 84.11 -153.34"/>
        <point83 pos="-345.99 83.98 -148.34"/>
        <point84 pos="-345.99 83.87 -143.34"/>
        <point85 pos="-345.99 83.75 -138.34"/>
        <point86 pos="-345.98 83.64 -133.34"/>
        <point87 pos="-345.97 83.53 -128.34"/>
        <point88 pos="-345.95 83.42 -123.34"/>
        <point89 pos="-345.98 83.32 -118.34"/>
        <point90 pos="-345.96 83.22 -113.34"/>
        <point91 pos="-345.98 83.12 -108.34"/>
        <point92 pos="-345.99 83.02 -103.34"/>
        <point93 pos="-345.96 82.93 -98.34"/>
        <point94 pos="-345.97 82.84 -93.34"/>
        <point95 pos="-345.97 82.75 -88.34"/>
        <point96 pos="-345.98 82.67 -83.34"/>
        <point97 pos="-345.97 82.59 -78.34"/>
        <point98 pos="-345.75 82.55 -75.90"/>
        <point99 pos="-340.75 82.55 -75.91"/>
        <point100 pos="-335.75 82.67 -75.93"/>
        <point101 pos="-330.75 82.88 -75.94"/>
        <point102 pos="-325.75 83.08 -75.92"/>
        <point103 pos="-320.75 83.28 -75.94"/>
        <point104 pos="-315.75 83.46 -75.92"/>
        <point105 pos="-310.75 83.63 -75.91"/>
        <point106 pos="-305.75 83.78 -75.95"/>
    </field>
    <field fieldNum="2" numPoints="146">
        <point1 pos="-170.45 85.09 -75.91"/>
        <point2 pos="-165.45 85.03 -75.91"/>
        <point3 pos="-160.45 84.97 -75.92"/>
        <point4 pos="-155.45 84.90 -75.92"/>
        <point5 pos="-150.45 84.83 -75.93"/>
        <point6 pos="-145.45 84.75 -75.95"/>
        <point7 pos="-140.45 84.68 -75.92"/>
        <point8 pos="-135.45 84.62 -75.94"/>
        <point9 pos="-130.45 84.57 -75.92"/>
        <point10 pos="-125.45 84.54 -75.95"/>
        <point11 pos="-120.45 84.49 -75.93"/>
        <point12 pos="-115.45 84.44 -75.92"/>
        <point13 pos="-110.45 84.41 -75.92"/>
        <point14 pos="-105.45 84.39 -75.91"/>
        <point15 pos="-100.45 84.39 -75.91"/>
        <point16 pos="-95.45 84.41 -75.92"/>
        <point17 pos="-90.45 84.44 -75.93"/>
        <point18 pos="-85.45 84.49 -75.94"/>
        <point19 pos="-80.45 84.49 -75.91"/>
        <point20 pos="-77.90 84.44 -76.06"/>
        <point21 pos="-77.95 84.53 -81.06"/>
        <point22 pos="-77.94 84.64 -86.06"/>
        <point23 pos="-77.95 84.76 -91.06"/>
        <point24 pos="-77.90 84.90 -96.06"/>
        <point25 pos="-77.91 85.05 -101.06"/>
        <point26 pos="-77.93 85.19 -106.06"/>
        <point27 pos="-77.95 85.33 -111.06"/>
        <point28 pos="-77.92 85.45 -116.06"/>
        <point29 pos="-77.95 85.56 -121.06"/>
        <point30 pos="-77.93 85.66 -126.06"/>
        <point31 pos="-77.91 85.73 -131.06"/>
        <point32 pos="-77.90 85.77 -136.06"/>
        <point33 pos="-77.94 85.78 -141.06"/>
        <point34 pos="-77.94 85.74 -146.06"/>
        <point35 pos="-77.94 85.67 -151.06"/>
        <point36 pos="-77.94 85.58 -156.06"/>
        <point37 pos="-77.90 85.48 -161.06"/>
        <point38 pos="-77.92 85.39 -166.06"/>
        <point39 pos="-77.93 85.33 -171.06"/>
        <point40 pos="-77.90 85.29 -176.06"/>
        <point41 pos="-77.93 85.27 -181.06"/>
        <point42 pos="-77.91 85.28 -186.06"/>
        <point43 pos="-77.94 85.28 -191.06"/>
        <point44 pos="-77.92 85.29 -196.06"/>
        <point45 pos="-77.91 85.28 -201.06"/>
        <point46 pos="-77.91 85.27 -206.06"/>
        <point47 pos="-77.91 85.24 -211.06"/>
        <point48 pos="-77.91 85.21 -216.06"/>
        <point49 pos="-77.92 85.17 -221.06"/>
        <point50 pos="-77.93 85.13 -226.06"/>
        <point51 pos="-77.94 85.08 -231.06"/>
        <point52 pos="-77.91 85.03 -236.06"/>
        <point53 pos="-77.93 84.96 -241.06"/>
        <point54 pos="-77.91 84.84 -246.06"/>
        <point55 pos="-77.94 84.73 -251.06"/>
        <point56 pos="-77.92 84.64 -256.06"/>
        <point57 pos="-78.40 84.59 -259.10"/>
        <point58 pos="-83.40 84.65 -259.06"/>
        <point59 pos="-88.40 84.71 -259.06"/>
        <point60 pos="-93.40 84.76 -259.06"/>
        <point61 pos="-98.40 84.82 -259.06"/>
        <point62 pos="-103.40 84.88 -259.10"/>
        <point63 pos="-108.40 84.94 -259.09"/>
        <point64 pos="-113.40 85.01 -259.07"/>
        <point65 pos="-118.40 85.10 -259.05"/>
        <point66 pos="-123.40 85.20 -259.08"/>
        <point67 pos="-128.40 85.31 -259.10"/>
        <point68 pos="-133.39 85.44 -259.07"/>
        <point69 pos="-138.39 85.59 -259.08"/>
        <point70 pos="-143.39 85.75 -259.09"/>
        <point71 pos="-148.39 85.93 -259.10"/>
        <point72 pos="-153.39 86.12 -259.10"/>
        <point73 pos="-158.39 86.32 -259.10"/>
        <point74 pos="-163.39 86.53 -259.09"/>
        <point75 pos="-168.39 86.75 -259.08"/>
        <point76 pos="-173.39 86.97 -259.07"/>
        <point77 pos="-178.39 87.20 -259.10"/>
        <point78 pos="-183.39 87.43 -259.08"/>
        <point79 pos="-188.39 87.67 -259.05"/>
        <point80 pos="-193.39 87.92 -259.07"/>
        <point81 pos="-198.39 88.17 -259.09"/>
        <point82 pos="-203.39 88.42 -259.05"/>
        <point83 pos="-208.39 88.67 -259.06"/>
        <point84 pos="-213.39 88.92 -259.06"/>
        <point85 pos="-218.39 89.16 -259.06"/>
        <point86 pos="-223.39 89.37 -259.06"/>
        <point87 pos="-228.39 89.54 -259.05"/>
        <point88 pos="-233.39 89.68 -259.09"/>
        <point89 pos="-238.39 89.75 -259.08"/>
        <point90 pos="-243.39 89.78 -259.06"/>
        <point91 pos="-248.39 89.78 -259.08"/>
        <point92 pos="-253.39 89.74 -259.05"/>
        <point93 pos="-255.00 89.73 -258.75"/>
        <point94 pos="-254.96 89.64 -253.75"/>
        <point95 pos="-254.97 89.38 -248.75"/>
        <point96 pos="-254.98 89.19 -243.75"/>
        <point97 pos="-254.98 88.98 -238.75"/>
        <point98 pos="-254.98 88.76 -233.75"/>
        <point99 pos="-254.98 88.56 -228.75"/>
        <point100 pos="-254.97 88.37 -223.75"/>
        <point101 pos="-254.95 88.18 -218.75"/>
        <point102 pos="-254.99 88.00 -213.75"/>
        <point103 pos="-254.97 87.83 -208.75"/>
        <point104 pos="-254.99 87.67 -203.75"/>
        <point105 pos="-254.96 87.51 -198.75"/>
        <point106 pos="-254.98 87.36 -193.75"/>
        <point107 pos="-254.99 87.22 -188.75"/>
        <point108 pos="-255.00 87.08 -183.75"/>
        <point109 pos="-254.95 86.94 -178.75"/>
        <point110 pos="-254.95 86.81 -173.75"/>
        <point111 pos="-254.95 86.69 -168.75"/>
        <point112 pos="-254.99 86.57 -163.75"/>
        <point113 pos="-254.98 86.45 -158.75"/>
        <point114 pos="-254.97 86.34 -153.75"/>
        <point115 pos="-255.00 86.24 -148.75"/>
        <point116 pos="-254.98 86.14 -143.75"/>
        <point117 pos="-255.00 86.06 -138.75"/>
        <point118 pos="-254.97 86.00 -133.75"/>
        <point119 pos="-254.98 85.93 -128.75"/>
        <point120 pos="-254.99 85.83 -123.75"/>
        <point121 pos="-254.95 85.72 -118.75"/>
        <point122 pos="-254.95 85.63 -113.75"/>
        <point123 pos="-254.95 85.54 -108.75"/>
        <point124 pos="-255.00 85.45 -103.75"/>
        <point125 pos="-254.99 85.34 -98.75"/>
        <point126 pos="-254.98 85.21 -93.75"/>
        <point127 pos="-254.96 85.04 -88.75"/>
        <point128 pos="-254.99 84.84 -83.75"/>
        <point129 pos="-254.96 84.65 -78.75"/>
        <point130 pos="-254.24 84.55 -75.90"/>
        <point131 pos="-249.24 84.77 -75.94"/>
        <point132 pos="-244.24 84.95 -75.92"/>
        <point133 pos="-239.24 85.07 -75.91"/>
        <point134 pos="-234.24 85.16 -75.91"/>
        <point135 pos="-229.24 85.23 -75.91"/>
        <point136 pos="-224.24 85.24 -75.91"/>
        <point137 pos="-219.24 85.28 -75.92"/>
        <point138 pos="-214.24 85.33 -75.93"/>
        <point139 pos="-209.24 85.36 -75.94"/>
        <point140 pos="-204.24 85.37 -75.91"/>
        <point141 pos="-199.24 85.37 -75.93"/>
        <point142 pos="-194.24 85.31 -75.91"/>
        <point143 pos="-189.24 85.26 -75.94"/>
        <point144 pos="-184.24 85.23 -75.93"/>
        <point145 pos="-179.24 85.19 -75.91"/>
        <point146 pos="-174.24 85.13 -75.91"/>
    </field>
    <field fieldNum="29" numPoints="289">
        <point1 pos="278.55 83.73 -175.91"/>
        <point2 pos="283.55 83.65 -175.92"/>
        <point3 pos="288.55 83.55 -175.93"/>
        <point4 pos="293.55 83.43 -175.95"/>
        <point5 pos="298.55 83.28 -175.92"/>
        <point6 pos="303.55 83.12 -175.94"/>
        <point7 pos="308.55 82.93 -175.92"/>
        <point8 pos="313.55 82.73 -175.90"/>
        <point9 pos="318.55 82.53 -175.94"/>
        <point10 pos="323.55 82.33 -175.93"/>
        <point11 pos="328.55 82.15 -175.93"/>
        <point12 pos="333.55 82.04 -175.93"/>
        <point13 pos="338.55 81.99 -175.93"/>
        <point14 pos="343.55 82.02 -175.94"/>
        <point15 pos="348.55 82.13 -175.95"/>
        <point16 pos="353.55 82.30 -175.91"/>
        <point17 pos="358.55 82.52 -175.93"/>
        <point18 pos="363.55 82.77 -175.90"/>
        <point19 pos="368.55 83.02 -175.93"/>
        <point20 pos="373.55 83.26 -175.91"/>
        <point21 pos="378.55 83.47 -175.95"/>
        <point22 pos="383.55 83.67 -175.93"/>
        <point23 pos="388.55 83.84 -175.93"/>
        <point24 pos="393.55 84.00 -175.92"/>
        <point25 pos="398.55 84.15 -175.93"/>
        <point26 pos="403.55 84.32 -175.93"/>
        <point27 pos="408.55 84.48 -175.94"/>
        <point28 pos="413.55 84.66 -175.90"/>
        <point29 pos="418.55 84.84 -175.92"/>
        <point30 pos="423.55 85.02 -175.94"/>
        <point31 pos="428.55 85.21 -175.91"/>
        <point32 pos="433.55 85.41 -175.94"/>
        <point33 pos="438.55 85.58 -175.92"/>
        <point34 pos="443.55 85.77 -175.91"/>
        <point35 pos="448.55 85.94 -175.90"/>
        <point36 pos="453.55 86.10 -175.95"/>
        <point37 pos="458.55 86.26 -175.95"/>
        <point38 pos="463.55 86.39 -175.95"/>
        <point39 pos="468.55 86.51 -175.90"/>
        <point40 pos="473.55 86.61 -175.91"/>
        <point41 pos="478.55 86.70 -175.93"/>
        <point42 pos="483.55 86.79 -175.95"/>
        <point43 pos="488.55 86.87 -175.92"/>
        <point44 pos="493.55 86.95 -175.95"/>
        <point45 pos="498.55 87.03 -175.93"/>
        <point46 pos="503.55 87.02 -175.91"/>
        <point47 pos="508.55 86.81 -175.90"/>
        <point48 pos="513.55 86.56 -175.94"/>
        <point49 pos="516.85 86.36 -176.90"/>
        <point50 pos="520.40 86.03 -180.42"/>
        <point51 pos="523.98 85.68 -183.91"/>
        <point52 pos="527.56 85.34 -187.41"/>
        <point53 pos="531.07 85.02 -190.97"/>
        <point54 pos="534.57 84.70 -194.54"/>
        <point55 pos="538.07 84.45 -198.11"/>
        <point56 pos="541.60 84.26 -201.65"/>
        <point57 pos="545.09 84.16 -205.23"/>
        <point58 pos="548.58 84.13 -208.81"/>
        <point59 pos="552.07 84.12 -212.39"/>
        <point60 pos="555.63 84.19 -215.91"/>
        <point61 pos="558.42 84.36 -219.58"/>
        <point62 pos="554.86 84.46 -223.09"/>
        <point63 pos="551.30 84.62 -226.60"/>
        <point64 pos="547.70 84.69 -230.07"/>
        <point65 pos="544.13 84.70 -233.57"/>
        <point66 pos="540.60 84.69 -237.11"/>
        <point67 pos="537.10 84.65 -240.68"/>
        <point68 pos="533.59 84.57 -244.24"/>
        <point69 pos="530.08 84.57 -247.80"/>
        <point70 pos="526.57 84.59 -251.36"/>
        <point71 pos="523.06 84.60 -254.92"/>
        <point72 pos="519.51 84.62 -258.44"/>
        <point73 pos="515.99 84.66 -261.99"/>
        <point74 pos="512.43 84.74 -265.51"/>
        <point75 pos="508.90 84.75 -269.05"/>
        <point76 pos="505.38 84.76 -272.59"/>
        <point77 pos="501.81 84.76 -276.10"/>
        <point78 pos="498.21 84.81 -279.57"/>
        <point79 pos="494.64 84.83 -283.07"/>
        <point80 pos="491.10 84.82 -286.60"/>
        <point81 pos="487.59 84.77 -290.16"/>
        <point82 pos="484.08 84.76 -293.72"/>
        <point83 pos="480.57 84.79 -297.28"/>
        <point84 pos="477.09 84.81 -300.87"/>
        <point85 pos="473.57 84.82 -304.43"/>
        <point86 pos="470.02 84.79 -307.94"/>
        <point87 pos="466.49 84.71 -311.49"/>
        <point88 pos="462.97 84.59 -315.03"/>
        <point89 pos="459.40 84.51 -318.54"/>
        <point90 pos="455.87 84.47 -322.08"/>
        <point91 pos="452.30 84.53 -325.58"/>
        <point92 pos="448.73 84.64 -329.08"/>
        <point93 pos="445.52 84.76 -332.91"/>
        <point94 pos="442.01 84.84 -336.48"/>
        <point95 pos="438.46 84.86 -340.00"/>
        <point96 pos="434.92 84.85 -343.52"/>
        <point97 pos="431.40 84.85 -347.08"/>
        <point98 pos="427.84 84.83 -350.59"/>
        <point99 pos="424.25 84.83 -354.07"/>
        <point100 pos="420.69 84.87 -357.58"/>
        <point101 pos="417.13 84.89 -361.09"/>
        <point102 pos="413.60 84.90 -364.63"/>
        <point103 pos="410.07 84.83 -368.17"/>
        <point104 pos="406.57 84.70 -371.74"/>
        <point105 pos="403.10 84.68 -375.34"/>
        <point106 pos="399.59 84.79 -378.91"/>
        <point107 pos="396.05 84.88 -382.43"/>
        <point108 pos="392.50 84.89 -385.96"/>
        <point109 pos="388.98 84.89 -389.51"/>
        <point110 pos="385.43 84.88 -393.03"/>
        <point111 pos="381.91 84.93 -396.58"/>
        <point112 pos="378.35 84.88 -400.09"/>
        <point113 pos="374.76 84.75 -403.57"/>
        <point114 pos="371.19 84.61 -407.07"/>
        <point115 pos="367.62 84.57 -410.58"/>
        <point116 pos="364.09 84.57 -414.11"/>
        <point117 pos="360.59 84.59 -417.68"/>
        <point118 pos="357.08 84.63 -421.25"/>
        <point119 pos="353.58 84.66 -424.81"/>
        <point120 pos="350.07 84.67 -428.37"/>
        <point121 pos="346.55 84.63 -431.93"/>
        <point122 pos="343.00 84.61 -435.45"/>
        <point123 pos="339.48 84.66 -439.00"/>
        <point124 pos="335.92 84.67 -442.51"/>
        <point125 pos="332.40 84.69 -446.06"/>
        <point126 pos="328.84 84.71 -449.57"/>
        <point127 pos="325.27 84.73 -453.07"/>
        <point128 pos="321.70 84.74 -456.58"/>
        <point129 pos="318.13 84.73 -460.08"/>
        <point130 pos="314.59 84.68 -463.61"/>
        <point131 pos="311.09 84.63 -467.17"/>
        <point132 pos="307.58 84.62 -470.74"/>
        <point133 pos="304.07 84.62 -474.29"/>
        <point134 pos="300.59 84.64 -477.89"/>
        <point135 pos="297.04 84.62 -481.40"/>
        <point136 pos="293.51 84.60 -484.95"/>
        <point137 pos="289.99 84.58 -488.50"/>
        <point138 pos="286.57 84.55 -492.15"/>
        <point139 pos="283.08 84.47 -495.73"/>
        <point140 pos="279.58 84.40 -499.30"/>
        <point141 pos="276.09 84.43 -502.88"/>
        <point142 pos="272.55 84.52 -506.41"/>
        <point143 pos="269.01 84.58 -509.94"/>
        <point144 pos="265.47 84.63 -513.47"/>
        <point145 pos="261.96 84.68 -517.03"/>
        <point146 pos="258.41 84.75 -520.55"/>
        <point147 pos="254.86 84.85 -524.07"/>
        <point148 pos="251.30 84.88 -527.59"/>
        <point149 pos="247.71 84.85 -531.07"/>
        <point150 pos="244.15 84.77 -534.58"/>
        <point151 pos="240.59 84.70 -538.09"/>
        <point152 pos="237.09 84.67 -541.66"/>
        <point153 pos="233.60 84.65 -545.24"/>
        <point154 pos="230.09 84.69 -548.81"/>
        <point155 pos="226.59 84.63 -552.37"/>
        <point156 pos="223.05 84.64 -555.90"/>
        <point157 pos="219.51 84.79 -559.43"/>
        <point158 pos="216.00 84.90 -562.29"/>
        <point159 pos="212.17 84.87 -559.07"/>
        <point160 pos="208.59 84.79 -555.59"/>
        <point161 pos="205.00 84.67 -552.10"/>
        <point162 pos="201.03 84.60 -549.07"/>
        <point163 pos="197.44 84.53 -545.58"/>
        <point164 pos="193.87 84.41 -542.09"/>
        <point165 pos="189.93 84.44 -539.00"/>
        <point166 pos="186.50 84.39 -535.36"/>
        <point167 pos="182.73 84.37 -532.08"/>
        <point168 pos="179.16 84.36 -528.58"/>
        <point169 pos="175.53 84.31 -525.14"/>
        <point170 pos="171.57 84.16 -522.08"/>
        <point171 pos="168.02 84.06 -518.57"/>
        <point172 pos="164.43 83.96 -515.09"/>
        <point173 pos="160.45 83.83 -512.06"/>
        <point174 pos="156.93 83.68 -508.51"/>
        <point175 pos="153.28 83.51 -505.09"/>
        <point176 pos="149.70 83.36 -501.60"/>
        <point177 pos="146.02 83.23 -498.21"/>
        <point178 pos="142.12 83.13 -495.09"/>
        <point179 pos="138.55 83.05 -491.59"/>
        <point180 pos="134.98 83.02 -488.09"/>
        <point181 pos="130.99 82.97 -485.07"/>
        <point182 pos="127.43 82.88 -481.56"/>
        <point183 pos="123.83 82.81 -478.09"/>
        <point184 pos="120.28 82.79 -474.57"/>
        <point185 pos="116.52 82.78 -471.28"/>
        <point186 pos="112.67 82.79 -468.09"/>
        <point187 pos="109.12 82.83 -464.57"/>
        <point188 pos="105.50 82.76 -461.11"/>
        <point189 pos="101.53 82.76 -458.07"/>
        <point190 pos="97.96 82.81 -454.58"/>
        <point191 pos="95.43 82.88 -450.51"/>
        <point192 pos="93.01 82.97 -446.13"/>
        <point193 pos="90.51 83.06 -441.80"/>
        <point194 pos="87.93 83.13 -437.52"/>
        <point195 pos="85.52 83.20 -433.14"/>
        <point196 pos="84.03 83.25 -428.37"/>
        <point197 pos="82.55 83.27 -423.59"/>
        <point198 pos="81.51 83.27 -418.70"/>
        <point199 pos="80.03 83.24 -413.92"/>
        <point200 pos="78.51 83.16 -409.16"/>
        <point201 pos="77.04 83.07 -404.38"/>
        <point202 pos="75.53 82.95 -399.61"/>
        <point203 pos="74.03 82.80 -394.85"/>
        <point204 pos="72.48 82.63 -390.09"/>
        <point205 pos="71.51 82.45 -385.19"/>
        <point206 pos="70.01 82.25 -380.42"/>
        <point207 pos="68.52 82.05 -375.64"/>
        <point208 pos="67.03 81.84 -370.87"/>
        <point209 pos="65.50 81.64 -366.11"/>
        <point210 pos="64.02 81.44 -361.34"/>
        <point211 pos="62.45 81.28 -356.59"/>
        <point212 pos="62.00 81.33 -351.61"/>
        <point213 pos="62.01 81.43 -346.61"/>
        <point214 pos="62.03 81.55 -341.61"/>
        <point215 pos="62.04 81.71 -336.61"/>
        <point216 pos="62.01 81.89 -331.61"/>
        <point217 pos="62.04 82.08 -326.61"/>
        <point218 pos="62.02 82.27 -321.61"/>
        <point219 pos="62.00 82.45 -316.61"/>
        <point220 pos="62.04 82.63 -311.61"/>
        <point221 pos="62.03 82.80 -306.61"/>
        <point222 pos="62.02 82.93 -301.61"/>
        <point223 pos="62.02 83.10 -296.61"/>
        <point224 pos="62.03 83.25 -291.61"/>
        <point225 pos="62.03 83.47 -286.61"/>
        <point226 pos="62.04 83.64 -281.61"/>
        <point227 pos="62.01 83.72 -276.61"/>
        <point228 pos="62.03 83.77 -271.61"/>
        <point229 pos="62.00 83.80 -266.61"/>
        <point230 pos="62.03 83.83 -261.61"/>
        <point231 pos="62.01 83.86 -256.61"/>
        <point232 pos="62.04 83.90 -251.61"/>
        <point233 pos="62.03 83.96 -246.61"/>
        <point234 pos="62.02 84.01 -241.61"/>
        <point235 pos="62.02 84.08 -236.61"/>
        <point236 pos="62.02 84.15 -231.61"/>
        <point237 pos="62.03 84.20 -226.61"/>
        <point238 pos="62.04 84.26 -221.61"/>
        <point239 pos="62.05 84.34 -216.61"/>
        <point240 pos="62.02 84.42 -211.61"/>
        <point241 pos="62.04 84.51 -206.61"/>
        <point242 pos="62.01 84.61 -201.61"/>
        <point243 pos="62.04 84.64 -196.61"/>
        <point244 pos="62.02 84.67 -191.61"/>
        <point245 pos="62.01 84.74 -186.61"/>
        <point246 pos="62.00 84.77 -181.61"/>
        <point247 pos="62.50 84.82 -175.90"/>
        <point248 pos="67.50 84.85 -175.90"/>
        <point249 pos="72.50 84.88 -175.91"/>
        <point250 pos="77.50 84.88 -175.92"/>
        <point251 pos="82.50 84.85 -175.94"/>
        <point252 pos="87.50 84.80 -175.90"/>
        <point253 pos="92.50 84.72 -175.93"/>
        <point254 pos="97.50 84.63 -175.90"/>
        <point255 pos="102.50 84.53 -175.93"/>
        <point256 pos="107.50 84.44 -175.92"/>
        <point257 pos="112.50 84.34 -175.91"/>
        <point258 pos="117.50 84.25 -175.95"/>
        <point259 pos="122.50 84.17 -175.95"/>
        <point260 pos="127.50 84.10 -175.95"/>
        <point261 pos="132.50 84.03 -175.95"/>
        <point262 pos="137.50 83.97 -175.91"/>
        <point263 pos="142.50 83.92 -175.92"/>
        <point264 pos="147.50 83.87 -175.94"/>
        <point265 pos="152.50 83.83 -175.91"/>
        <point266 pos="157.50 83.79 -175.93"/>
        <point267 pos="162.50 83.76 -175.91"/>
        <point268 pos="167.50 83.73 -175.94"/>
        <point269 pos="172.50 83.68 -175.93"/>
        <point270 pos="177.50 83.63 -175.92"/>
        <point271 pos="182.50 83.57 -175.91"/>
        <point272 pos="187.50 83.50 -175.91"/>
        <point273 pos="192.50 83.44 -175.91"/>
        <point274 pos="197.50 83.38 -175.91"/>
        <point275 pos="202.50 83.35 -175.92"/>
        <point276 pos="207.50 83.34 -175.94"/>
        <point277 pos="212.50 83.38 -175.90"/>
        <point278 pos="217.50 83.46 -175.93"/>
        <point279 pos="222.50 83.54 -175.90"/>
        <point280 pos="227.50 83.64 -175.93"/>
        <point281 pos="232.50 83.73 -175.91"/>
        <point282 pos="237.50 83.79 -175.90"/>
        <point283 pos="242.50 83.85 -175.94"/>
        <point284 pos="247.50 83.88 -175.94"/>
        <point285 pos="252.50 83.88 -175.94"/>
        <point286 pos="257.50 83.89 -175.94"/>
        <point287 pos="262.50 83.88 -175.95"/>
        <point288 pos="267.50 83.85 -175.91"/>
        <point289 pos="272.50 83.80 -175.92"/>
    </field>
</CPFields>
