﻿<careerSavegame revision="2" valid="true">
    <settings>
        <savegameName>My Savegame</savegameName>
        <mapId>FS19_EstanciaLapacho.SouthAmericanMap</mapId>
        <mapTitle>Estancia Lapacho</mapTitle>
        <saveDate>2019-03-03</saveDate>
        <playerModelIndex>1</playerModelIndex>
        <playerColorIndex>10</playerColorIndex>
        <playerBodyIndex>1</playerBodyIndex>
        <playerHatIndex>0</playerHatIndex>
        <playerAccessoryIndex>1</playerAccessoryIndex>
        <playerHairIndex>2</playerHairIndex>
        <playerJacketIndex>0</playerJacketIndex>
        <playerName>Messy71</playerName>
        <resetVehicles>false</resetVehicles>
        <isPlantWitheringEnabled>false</isPlantWitheringEnabled>
        <trafficEnabled>false</trafficEnabled>
        <stopAndGoBraking>true</stopAndGoBraking>
        <automaticMotorStartEnabled>false</automaticMotorStartEnabled>
        <fruitDestruction>false</fruitDestruction>
        <plowingRequiredEnabled>false</plowingRequiredEnabled>
        <weedsEnabled>false</weedsEnabled>
        <limeRequired>false</limeRequired>
        <fuelUsageLow>true</fuelUsageLow>
        <helperBuyFuel>true</helperBuyFuel>
        <helperBuySeeds>false</helperBuySeeds>
        <helperBuyFertilizer>false</helperBuyFertilizer>
        <helperSlurrySource>2</helperSlurrySource>
        <helperManureSource>2</helperManureSource>
        <densityMapRevision>3</densityMapRevision>
        <terrainLodTextureRevision>2</terrainLodTextureRevision>
        <splitShapesRevision>1</splitShapesRevision>
        <tipCollisionRevision>1</tipCollisionRevision>
        <placementCollisionRevision>1</placementCollisionRevision>
        <mapDensityMapRevision>1</mapDensityMapRevision>
        <mapTerrainLodTextureRevision>1</mapTerrainLodTextureRevision>
        <mapSplitShapesRevision>1</mapSplitShapesRevision>
        <mapTipCollisionRevision>1</mapTipCollisionRevision>
        <mapPlacementCollisionRevision>1</mapPlacementCollisionRevision>
        <difficulty>1</difficulty>
        <economicDifficulty>2</economicDifficulty>
        <plantGrowthRate>4</plantGrowthRate>
        <dirtInterval>3</dirtInterval>
        <timeScale>1.000000</timeScale>
        <autoSaveInterval>5.000000</autoSaveInterval>
    </settings>
    <map>
        <foundHelpIcons>00000000000000000000</foundHelpIcons>
    </map>
    <statistics>
        <money>95323902</money>
        <playTime>414.163666</playTime>
    </statistics>
    <mapsSplitShapeFileIds count="1">
        <id id="0"/>
    </mapsSplitShapeFileIds>
    <mod modName="FS19_Courseplay" title="CoursePlay SIX" version="6.01.00110" required="false" fileHash="c4e695428aaeda02fb68becf81151fe0"/>
    <mod modName="FS19_EstanciaLapacho" title="Estancia Lapacho" version="1.0.1.0" required="true" fileHash="438a375376626357d704e156f7f16188"/>
    <mod modName="FS19noCollisionCamera" title="No Collision Camera" version="17.0.3" required="false" fileHash="fa28eb6830f3b5aa6e3047e774dfa5f3"/>
</careerSavegame>
