﻿<environment>
    <dayTime>1031.380615</dayTime>
    <currentDay>2</currentDay>
    <realHourTimer>350215</realHourTimer>
    <weather timeSinceLastRain="393">
        <forecast>
            <instance typeName="SUN" variationIndex="6" duration="5"/>
            <instance typeName="SUN" variationIndex="1" duration="15"/>
            <instance typeName="SUN" variationIndex="1" duration="14"/>
            <instance typeName="SUN" variationIndex="3" duration="9"/>
            <instance typeName="SUN" variationIndex="4" duration="10"/>
            <instance typeName="SUN" variationIndex="4" duration="10"/>
            <instance typeName="CLOUDY" variationIndex="3" duration="10"/>
            <instance typeName="SUN" variationIndex="6" duration="5"/>
            <instance typeName="CLOUDY" variationIndex="1" duration="15"/>
            <instance typeName="CLOUDY" variationIndex="3" duration="16"/>
            <instance typeName="SUN" variationIndex="3" duration="15"/>
            <instance typeName="SUN" variationIndex="1" duration="14"/>
            <instance typeName="SUN" variationIndex="2" duration="6"/>
            <instance typeName="SUN" variationIndex="1" duration="10"/>
            <instance typeName="CLOUDY" variationIndex="3" duration="10"/>
            <instance typeName="CLOUDY" variationIndex="4" duration="15"/>
            <instance typeName="CLOUDY" variationIndex="4" duration="14"/>
            <instance typeName="CLOUDY" variationIndex="1" duration="14"/>
            <instance typeName="CLOUDY" variationIndex="2" duration="9"/>
        </forecast>
        <fog currentMieScale="2.000000" lastMieScale="30.000000" targetMieScale="2.000000" alpha="1.000000" duration="1.000000" nightFactor="1.000000" dayFactor="1.000000"/>
    </weather>
</environment>
