﻿<farms>
    <farm farmId="1" name="My farm" color="1" loan="0.000000" money="95323904.000000" loanAnnualInterestRate="100.000000">
        <players>
            <player uniqueUserId="player" farmManager="true" lastNickname="Messy71" buyVehicle="true" sellVehicle="true" buyPlaceable="true" sellPlaceable="true" manageContracts="true" tradeAnimals="true" createFields="true" landscaping="true" hireAssistant="true" resetVehicle="true" manageRights="true" transferMoney="true" updateFarm="true" manageContracting="true"/>
        </players>
        <statistics>
            <traveledDistance>46.743198</traveledDistance>
            <fuelUsage>322.769318</fuelUsage>
            <seedUsage>6421.618164</seedUsage>
            <sprayUsage>7341.437500</sprayUsage>
            <workedHectares>46.382454</workedHectares>
            <cultivatedHectares>21.505350</cultivatedHectares>
            <sownHectares>12.838750</sownHectares>
            <fertilizedHectares>12.838750</fertilizedHectares>
            <threshedHectares>12.038350</threshedHectares>
            <plowedHectares>0.000000</plowedHectares>
            <workedTime>206.091690</workedTime>
            <cultivatedTime>36.848118</cultivatedTime>
            <sownTime>91.095856</sownTime>
            <fertilizedTime>75.529182</fertilizedTime>
            <threshedTime>78.147713</threshedTime>
            <plowedTime>0.000000</plowedTime>
            <baleCount>0</baleCount>
            <breedCowsCount>0</breedCowsCount>
            <breedSheepCount>0</breedSheepCount>
            <breedPigsCount>0</breedPigsCount>
            <breedChickenCount>0</breedChickenCount>
            <breedHorsesCount>0</breedHorsesCount>
            <fieldJobMissionCount>0</fieldJobMissionCount>
            <fieldJobMissionByNPC>0</fieldJobMissionByNPC>
            <transportMissionCount>0</transportMissionCount>
            <revenue>0.000000</revenue>
            <expenses>3620.192871</expenses>
            <playTime>414.163666</playTime>
            <plantedTreeCount>0</plantedTreeCount>
            <cutTreeCount>0</cutTreeCount>
            <woodTonsSold>0.000000</woodTonsSold>
            <treeTypesCut>000000</treeTypesCut>
        </statistics>
        <finances>
            <stats day="0">
                <newVehiclesCost>-593800.000000</newVehiclesCost>
                <soldVehicles>0.000000</soldVehicles>
                <newAnimalsCost>0.000000</newAnimalsCost>
                <soldAnimals>0.000000</soldAnimals>
                <constructionCost>0.000000</constructionCost>
                <soldBuildings>0.000000</soldBuildings>
                <fieldPurchase>-452064.000000</fieldPurchase>
                <fieldSelling>0.000000</fieldSelling>
                <vehicleRunningCost>0.000000</vehicleRunningCost>
                <vehicleLeasingCost>0.000000</vehicleLeasingCost>
                <animalUpkeep>0.000000</animalUpkeep>
                <propertyMaintenance>0.000000</propertyMaintenance>
                <propertyIncome>0.000000</propertyIncome>
                <soldWood>0.000000</soldWood>
                <soldBales>0.000000</soldBales>
                <soldWool>0.000000</soldWool>
                <soldMilk>0.000000</soldMilk>
                <purchaseFuel>-730.608765</purchaseFuel>
                <purchaseSeeds>-10449.916992</purchaseSeeds>
                <purchaseFertilizer>-26399.861328</purchaseFertilizer>
                <purchaseSaplings>0.000000</purchaseSaplings>
                <purchaseWater>0.000000</purchaseWater>
                <harvestIncome>97095.070313</harvestIncome>
                <incomeBga>0.000000</incomeBga>
                <missionIncome>0.000000</missionIncome>
                <wagePayment>-0.048554</wagePayment>
                <other>0.000000</other>
                <loanInterest>0.000000</loanInterest>
            </stats>
            <stats day="1">
                <newVehiclesCost>-2217000.000000</newVehiclesCost>
                <soldVehicles>261750.000000</soldVehicles>
                <newAnimalsCost>0.000000</newAnimalsCost>
                <soldAnimals>0.000000</soldAnimals>
                <constructionCost>0.000000</constructionCost>
                <soldBuildings>0.000000</soldBuildings>
                <fieldPurchase>-834504.000000</fieldPurchase>
                <fieldSelling>0.000000</fieldSelling>
                <vehicleRunningCost>0.000000</vehicleRunningCost>
                <vehicleLeasingCost>0.000000</vehicleLeasingCost>
                <animalUpkeep>0.000000</animalUpkeep>
                <propertyMaintenance>0.000000</propertyMaintenance>
                <propertyIncome>0.000000</propertyIncome>
                <soldWood>0.000000</soldWood>
                <soldBales>0.000000</soldBales>
                <soldWool>0.000000</soldWool>
                <soldMilk>0.000000</soldMilk>
                <purchaseFuel>0.000000</purchaseFuel>
                <purchaseSeeds>0.000000</purchaseSeeds>
                <purchaseFertilizer>0.000000</purchaseFertilizer>
                <purchaseSaplings>0.000000</purchaseSaplings>
                <purchaseWater>0.000000</purchaseWater>
                <harvestIncome>0.000000</harvestIncome>
                <incomeBga>0.000000</incomeBga>
                <missionIncome>0.000000</missionIncome>
                <wagePayment>0.000000</wagePayment>
                <other>0.000000</other>
                <loanInterest>0.000000</loanInterest>
            </stats>
        </finances>
    </farm>
</farms>
