<?xml version="1.0" encoding="iso-8859-1"?>

<foliageCropsUpdater currentGrowthIndex="1564">
  <cropsState index="0" normalizedGrowthTimer="0.251720"/>
  <cropsState index="1" normalizedGrowthTimer="0.842721"/>
  <cropsState index="2" normalizedGrowthTimer="0.251720"/>
  <cropsState index="3" normalizedGrowthTimer="0.251720"/>
  <cropsState index="4" normalizedGrowthTimer="0.251720"/>
  <cropsState index="5" normalizedGrowthTimer="0.842721"/>
  <cropsState index="6" normalizedGrowthTimer="0.251720"/>
  <cropsState index="7" normalizedGrowthTimer="0.251720"/>
  <cropsState index="8" normalizedGrowthTimer="0.251720"/>
  <cropsState index="9" normalizedGrowthTimer="0.251720"/>
  <cropsState index="10" normalizedGrowthTimer="0.842721"/>
  <cropsState index="11" normalizedGrowthTimer="0.422484"/>
  <cropsState index="12" normalizedGrowthTimer="0.635304"/>
  <cropsState index="15" normalizedGrowthTimer="0.251720"/>
  <cropsState index="16" normalizedGrowthTimer="0.251720"/>
  <growthMasks numCells="16384"><![CDATA[XQAABAAAf+/7v/6jsV7l+D+yqiZV+GhwQXAVD439HkwbikK3GfRpGHGuZiOKik0vow3Zf6bjjCMRU+BZGMV1iuJ3+LaUfwxqwN50SWRcnjrRAA==]]></growthMasks>
</foliageCropsUpdater>
