﻿<items>
    <item className="SiloPlaceable" id="1" modName="FS19_EstanciaLapacho" filename="$moddir$FS19_EstanciaLapacho/placeables/storageSilo/storageSilo03.xml" position="572.5000 84.4190 -250.0000" rotation="0.0000 45.0000 0.0000" age="0" price="0.000000" farmId="0" mapBoundId="trainSilo03">
        <storage index="1" farmId="1"/>
    </item>
    <item className="SiloPlaceable" id="2" modName="FS19_EstanciaLapacho" filename="$moddir$FS19_EstanciaLapacho/placeables/farmSilo/farmSilo.xml" position="-256.0000 80.0000 121.0000" rotation="0.0000 0.0000 0.0000" age="1" price="20000.000000" farmId="1">
        <storage index="1" farmId="1">
            <node fillType="WHEAT" fillLevel="15043.000000"/>
            <node fillType="BARLEY" fillLevel="12234.000000"/>
            <node fillType="OAT" fillLevel="12365.000000"/>
            <node fillType="CANOLA" fillLevel="9680.000000"/>
            <node fillType="SUNFLOWER" fillLevel="15294.000000"/>
            <node fillType="SOYBEAN" fillLevel="15205.000000"/>
            <node fillType="MAIZE" fillLevel="11069.000000"/>
        </storage>
    </item>
    <item className="BuyingStationPlaceable" id="3" modName="FS19_EstanciaLapacho" filename="$moddir$FS19_EstanciaLapacho/placeables/waterFillTriggers/waterFillTriggers.xml" position="0.0000 0.0000 0.0000" rotation="0.0000 0.0000 0.0000" age="0" price="1.000000" farmId="0" mapBoundId="waterFillTriggers"/>
    <item className="SiloPlaceable" id="4" modName="FS19_EstanciaLapacho" filename="$moddir$FS19_EstanciaLapacho/placeables/storageSilo/storageSilo01.xml" position="-835.0000 85.0000 238.0000" rotation="0.0000 0.0000 0.0000" age="0" price="0.000000" farmId="0" mapBoundId="trainSilo01">
        <storage index="1" farmId="1"/>
    </item>
    <item className="WoodSellStationPlaceable" id="5" modName="FS19_EstanciaLapacho" filename="$moddir$FS19_EstanciaLapacho/placeables/sellingStations/sellingStationWood.xml" position="122.5000 85.0000 -684.0000" rotation="0.0000 135.0000 0.0000" age="0" price="0.000000" farmId="0" mapBoundId="sellingStationWoodTrain"/>
    <item className="FarmhousePlaceable" id="6" modName="FS19_EstanciaLapacho" filename="$moddir$FS19_EstanciaLapacho/placeables/farmBuildings/farmMansion.xml" position="-307.5260 80.0000 8.1590" rotation="0.0000 0.0000 0.0000" age="1" price="200000.000000" farmId="1"/>
    <item className="SellingStationPlaceable" id="7" modName="FS19_EstanciaLapacho" filename="$moddir$FS19_EstanciaLapacho/placeables/sellingStations/sellingStationWool.xml" position="440.0000 83.7000 910.0000" rotation="0.0000 0.0000 0.0000" age="0" price="0.000000" farmId="0" mapBoundId="sellingStationWool">
        <sellingStation>
            <stats fillType="WOOL" received="0.000000" paid="0.000000" priceVersion="1" isInPlateau="false" nextPlateauNumber="1" plateauDuration="51840000" meanValue="0.000000" plateauTime="0.000000">
                <curveBaseCurve nominalAmplitude="0.120000" nominalAmplitudeVariation="0.090000" amplitudeDistribution="2" nominalPeriod="172800000" nominalPeriodVariation="64800000" periodDistribution="1" amplitude="0.088931" period="81388976.000000" time="27189174.000000"/>
                <curve1 nominalAmplitude="0.060000" nominalAmplitudeVariation="0.012000" amplitudeDistribution="1" nominalPeriod="604800000" nominalPeriodVariation="120960000" periodDistribution="1" amplitude="0.062868" period="533917920.000000" time="487815104.000000"/>
            </stats>
            <stats fillType="COTTON" received="0.000000" paid="0.000000" priceVersion="1" isInPlateau="false" nextPlateauNumber="0" plateauDuration="51840000" meanValue="0.000000" plateauTime="0.000000">
                <curveBaseCurve nominalAmplitude="0.250400" nominalAmplitudeVariation="0.187800" amplitudeDistribution="2" nominalPeriod="172800000" nominalPeriodVariation="64800000" periodDistribution="1" amplitude="0.265989" period="61699524.000000" time="1290801.750000"/>
                <curve1 nominalAmplitude="0.125200" nominalAmplitudeVariation="0.025040" amplitudeDistribution="1" nominalPeriod="604800000" nominalPeriodVariation="120960000" periodDistribution="1" amplitude="0.112234" period="425648768.000000" time="17908996.000000"/>
            </stats>
        </sellingStation>
    </item>
    <item className="SellingStationPlaceable" id="8" modName="FS19_EstanciaLapacho" filename="$moddir$FS19_EstanciaLapacho/placeables/sellingStations/sellingStationTrain.xml" position="-836.0000 122.4000 -933.3000" rotation="0.0000 0.0000 -1.0380" age="0" price="0.000000" farmId="0" mapBoundId="trainSellingStation">
        <sellingStation>
            <stats fillType="WHEAT" received="0.000000" paid="0.000000" priceVersion="1" isInPlateau="false" nextPlateauNumber="0" plateauDuration="51840000" meanValue="0.000000" plateauTime="0.000000">
                <curveBaseCurve nominalAmplitude="0.067400" nominalAmplitudeVariation="0.050550" amplitudeDistribution="2" nominalPeriod="172800000" nominalPeriodVariation="64800000" periodDistribution="1" amplitude="0.039401" period="93545248.000000" time="21479554.000000"/>
                <curve1 nominalAmplitude="0.033700" nominalAmplitudeVariation="0.006740" amplitudeDistribution="1" nominalPeriod="604800000" nominalPeriodVariation="120960000" periodDistribution="1" amplitude="0.038698" period="528299552.000000" time="517742016.000000"/>
            </stats>
            <stats fillType="BARLEY" received="0.000000" paid="0.000000" priceVersion="1" isInPlateau="true" nextPlateauNumber="0" plateauDuration="51840000" meanValue="0.000000" plateauTime="45640564.000000">
                <curveBaseCurve nominalAmplitude="0.062600" nominalAmplitudeVariation="0.046950" amplitudeDistribution="2" nominalPeriod="172800000" nominalPeriodVariation="64800000" periodDistribution="1" amplitude="0.074970" period="84048880.000000" time="21012220.000000"/>
                <curve1 nominalAmplitude="0.031300" nominalAmplitudeVariation="0.006260" amplitudeDistribution="1" nominalPeriod="604800000" nominalPeriodVariation="120960000" periodDistribution="1" amplitude="0.035365" period="444052896.000000" time="251397600.000000"/>
            </stats>
            <stats fillType="OAT" received="0.000000" paid="0.000000" priceVersion="1" isInPlateau="true" nextPlateauNumber="1" plateauDuration="51840000" meanValue="0.000000" plateauTime="29703464.000000">
                <curveBaseCurve nominalAmplitude="0.106400" nominalAmplitudeVariation="0.079800" amplitudeDistribution="2" nominalPeriod="172800000" nominalPeriodVariation="64800000" periodDistribution="1" amplitude="0.122440" period="75559360.000000" time="56669520.000000"/>
                <curve1 nominalAmplitude="0.053200" nominalAmplitudeVariation="0.010640" amplitudeDistribution="1" nominalPeriod="604800000" nominalPeriodVariation="120960000" periodDistribution="1" amplitude="0.058854" period="512921248.000000" time="206588000.000000"/>
            </stats>
            <stats fillType="CANOLA" received="0.000000" paid="0.000000" priceVersion="1" isInPlateau="false" nextPlateauNumber="0" plateauDuration="51840000" meanValue="0.000000" plateauTime="0.000000">
                <curveBaseCurve nominalAmplitude="0.120600" nominalAmplitudeVariation="0.090450" amplitudeDistribution="2" nominalPeriod="172800000" nominalPeriodVariation="64800000" periodDistribution="1" amplitude="0.125681" period="52803432.000000" time="47170988.000000"/>
                <curve1 nominalAmplitude="0.060300" nominalAmplitudeVariation="0.012060" amplitudeDistribution="1" nominalPeriod="604800000" nominalPeriodVariation="120960000" periodDistribution="1" amplitude="0.050322" period="557583232.000000" time="506013792.000000"/>
            </stats>
            <stats fillType="SUNFLOWER" received="0.000000" paid="0.000000" priceVersion="1" isInPlateau="false" nextPlateauNumber="1" plateauDuration="51840000" meanValue="0.000000" plateauTime="0.000000">
                <curveBaseCurve nominalAmplitude="0.134600" nominalAmplitudeVariation="0.100950" amplitudeDistribution="2" nominalPeriod="172800000" nominalPeriodVariation="64800000" periodDistribution="1" amplitude="0.034407" period="44094716.000000" time="16465969.000000"/>
                <curve1 nominalAmplitude="0.067300" nominalAmplitudeVariation="0.013460" amplitudeDistribution="1" nominalPeriod="604800000" nominalPeriodVariation="120960000" periodDistribution="1" amplitude="0.064833" period="461713952.000000" time="233845776.000000"/>
            </stats>
            <stats fillType="SOYBEAN" received="0.000000" paid="0.000000" priceVersion="1" isInPlateau="true" nextPlateauNumber="1" plateauDuration="51840000" meanValue="0.000000" plateauTime="2872963.250000">
                <curveBaseCurve nominalAmplitude="0.155600" nominalAmplitudeVariation="0.116700" amplitudeDistribution="2" nominalPeriod="172800000" nominalPeriodVariation="64800000" periodDistribution="1" amplitude="0.057666" period="86643152.000000" time="64982364.000000"/>
                <curve1 nominalAmplitude="0.077800" nominalAmplitudeVariation="0.015560" amplitudeDistribution="1" nominalPeriod="604800000" nominalPeriodVariation="120960000" periodDistribution="1" amplitude="0.079020" period="515509248.000000" time="151635616.000000"/>
            </stats>
            <stats fillType="MAIZE" received="0.000000" paid="0.000000" priceVersion="1" isInPlateau="true" nextPlateauNumber="1" plateauDuration="51840000" meanValue="0.000000" plateauTime="27361300.000000">
                <curveBaseCurve nominalAmplitude="0.076000" nominalAmplitudeVariation="0.057000" amplitudeDistribution="2" nominalPeriod="172800000" nominalPeriodVariation="64800000" periodDistribution="1" amplitude="0.099623" period="62207248.000000" time="46655436.000000"/>
                <curve1 nominalAmplitude="0.038000" nominalAmplitudeVariation="0.007600" amplitudeDistribution="1" nominalPeriod="604800000" nominalPeriodVariation="120960000" periodDistribution="1" amplitude="0.043555" period="524826528.000000" time="517698944.000000"/>
            </stats>
            <stats fillType="POTATO" received="0.000000" paid="0.000000" priceVersion="1" isInPlateau="false" nextPlateauNumber="1" plateauDuration="51840000" meanValue="0.000000" plateauTime="0.000000">
                <curveBaseCurve nominalAmplitude="0.034400" nominalAmplitudeVariation="0.025800" amplitudeDistribution="2" nominalPeriod="172800000" nominalPeriodVariation="64800000" periodDistribution="1" amplitude="0.017006" period="84633752.000000" time="39235416.000000"/>
                <curve1 nominalAmplitude="0.017200" nominalAmplitudeVariation="0.003440" amplitudeDistribution="1" nominalPeriod="604800000" nominalPeriodVariation="120960000" periodDistribution="1" amplitude="0.016292" period="440706112.000000" time="416199584.000000"/>
            </stats>
            <stats fillType="SUGARBEET" received="0.000000" paid="0.000000" priceVersion="1" isInPlateau="false" nextPlateauNumber="0" plateauDuration="51840000" meanValue="0.000000" plateauTime="0.000000">
                <curveBaseCurve nominalAmplitude="0.024400" nominalAmplitudeVariation="0.018300" amplitudeDistribution="2" nominalPeriod="172800000" nominalPeriodVariation="64800000" periodDistribution="1" amplitude="0.010825" period="79541464.000000" time="73395064.000000"/>
                <curve1 nominalAmplitude="0.012200" nominalAmplitudeVariation="0.002440" amplitudeDistribution="1" nominalPeriod="604800000" nominalPeriodVariation="120960000" periodDistribution="1" amplitude="0.013182" period="467364480.000000" time="280419136.000000"/>
            </stats>
            <stats fillType="SUGARCANE" received="0.000000" paid="0.000000" priceVersion="1" isInPlateau="true" nextPlateauNumber="1" plateauDuration="51840000" meanValue="0.000000" plateauTime="25599212.000000">
                <curveBaseCurve nominalAmplitude="0.023800" nominalAmplitudeVariation="0.017850" amplitudeDistribution="2" nominalPeriod="172800000" nominalPeriodVariation="64800000" periodDistribution="1" amplitude="0.014995" period="80478968.000000" time="60359224.000000"/>
                <curve1 nominalAmplitude="0.011900" nominalAmplitudeVariation="0.002380" amplitudeDistribution="1" nominalPeriod="604800000" nominalPeriodVariation="120960000" periodDistribution="1" amplitude="0.013818" period="465316096.000000" time="402899648.000000"/>
            </stats>
        </sellingStation>
    </item>
    <item className="SellingStationPlaceable" id="9" modName="FS19_EstanciaLapacho" filename="$moddir$FS19_EstanciaLapacho/placeables/sellingStations/sellingStationSugarMill.xml" position="-815.4000 82.8500 823.0000" rotation="0.0000 90.0000 0.0000" age="0" price="0.000000" farmId="0" mapBoundId="sellingStationSugarMill">
        <sellingStation>
            <stats fillType="SUGARBEET" received="0.000000" paid="0.000000" priceVersion="1" isInPlateau="true" nextPlateauNumber="0" plateauDuration="51840000" meanValue="0.000000" plateauTime="46718588.000000">
                <curveBaseCurve nominalAmplitude="0.024400" nominalAmplitudeVariation="0.018300" amplitudeDistribution="2" nominalPeriod="172800000" nominalPeriodVariation="64800000" periodDistribution="1" amplitude="0.026215" period="83006392.000000" time="20751598.000000"/>
                <curve1 nominalAmplitude="0.012200" nominalAmplitudeVariation="0.002440" amplitudeDistribution="1" nominalPeriod="604800000" nominalPeriodVariation="120960000" periodDistribution="1" amplitude="0.013482" period="505838304.000000" time="78849192.000000"/>
            </stats>
            <stats fillType="SUGARCANE" received="0.000000" paid="0.000000" priceVersion="1" isInPlateau="true" nextPlateauNumber="1" plateauDuration="51840000" meanValue="0.000000" plateauTime="50636820.000000">
                <curveBaseCurve nominalAmplitude="0.023800" nominalAmplitudeVariation="0.017850" amplitudeDistribution="2" nominalPeriod="172800000" nominalPeriodVariation="64800000" periodDistribution="1" amplitude="0.034632" period="88725816.000000" time="66544360.000000"/>
                <curve1 nominalAmplitude="0.011900" nominalAmplitudeVariation="0.002380" amplitudeDistribution="1" nominalPeriod="604800000" nominalPeriodVariation="120960000" periodDistribution="1" amplitude="0.011489" period="460653120.000000" time="67325704.000000"/>
            </stats>
        </sellingStation>
    </item>
    <item className="BgaPlaceable" id="10" modName="FS19_EstanciaLapacho" filename="$moddir$FS19_EstanciaLapacho/placeables/bga/bga.xml" position="-775.0000 85.0000 -130.0000" rotation="0.0000 0.0000 0.0000" age="0" price="1.000000" farmId="15" mapBoundId="bga">
        <bga money="0.000000">
            <digestateSilo>
                <storage index="1" farmId="15"/>
            </digestateSilo>
            <slot index="1">
                <fillType fillType="MANURE" fillLevel="0.000000"/>
                <fillType fillType="GRASS_WINDROW" fillLevel="0.000000"/>
                <fillType fillType="DRYGRASS_WINDROW" fillLevel="0.000000"/>
                <fillType fillType="SILAGE" fillLevel="0.000000"/>
            </slot>
            <slot index="2">
                <fillType fillType="LIQUIDMANURE" fillLevel="0.000000"/>
            </slot>
        </bga>
        <bunkerSilo index="1" state="0" fillLevel="0.000000" compactedFillLevel="0.000000" fermentingTime="0.000000" openedAtFront="false" openedAtBack="false"/>
        <bunkerSilo index="2" state="0" fillLevel="0.000000" compactedFillLevel="0.000000" fermentingTime="0.000000" openedAtFront="false" openedAtBack="false"/>
    </item>
    <item className="SellingStationPlaceable" id="11" modName="FS19_EstanciaLapacho" filename="$moddir$FS19_EstanciaLapacho/placeables/sellingStations/sellingStationHarbor.xml" position="-206.7000 84.3000 908.0000" rotation="0.0000 0.0000 0.0000" age="0" price="0.000000" farmId="0" mapBoundId="harborSellingStation">
        <sellingStation>
            <stats fillType="WHEAT" received="0.000000" paid="0.000000" priceVersion="1" isInPlateau="true" nextPlateauNumber="1" plateauDuration="51840000" meanValue="0.000000" plateauTime="11703466.000000">
                <curveBaseCurve nominalAmplitude="0.067400" nominalAmplitudeVariation="0.050550" amplitudeDistribution="2" nominalPeriod="172800000" nominalPeriodVariation="64800000" periodDistribution="1" amplitude="0.027676" period="48757588.000000" time="36568192.000000"/>
                <curve1 nominalAmplitude="0.033700" nominalAmplitudeVariation="0.006740" amplitudeDistribution="1" nominalPeriod="604800000" nominalPeriodVariation="120960000" periodDistribution="1" amplitude="0.031179" period="531279328.000000" time="429788128.000000"/>
            </stats>
            <stats fillType="BARLEY" received="0.000000" paid="0.000000" priceVersion="1" isInPlateau="false" nextPlateauNumber="1" plateauDuration="51840000" meanValue="0.000000" plateauTime="0.000000">
                <curveBaseCurve nominalAmplitude="0.062600" nominalAmplitudeVariation="0.046950" amplitudeDistribution="2" nominalPeriod="172800000" nominalPeriodVariation="64800000" periodDistribution="1" amplitude="0.021251" period="64176980.000000" time="47565772.000000"/>
                <curve1 nominalAmplitude="0.031300" nominalAmplitudeVariation="0.006260" amplitudeDistribution="1" nominalPeriod="604800000" nominalPeriodVariation="120960000" periodDistribution="1" amplitude="0.035791" period="542746816.000000" time="490196064.000000"/>
            </stats>
            <stats fillType="OAT" received="0.000000" paid="0.000000" priceVersion="1" isInPlateau="false" nextPlateauNumber="0" plateauDuration="51840000" meanValue="0.000000" plateauTime="0.000000">
                <curveBaseCurve nominalAmplitude="0.106400" nominalAmplitudeVariation="0.079800" amplitudeDistribution="2" nominalPeriod="172800000" nominalPeriodVariation="64800000" periodDistribution="1" amplitude="0.138096" period="90135056.000000" time="13225004.000000"/>
                <curve1 nominalAmplitude="0.053200" nominalAmplitudeVariation="0.010640" amplitudeDistribution="1" nominalPeriod="604800000" nominalPeriodVariation="120960000" periodDistribution="1" amplitude="0.049481" period="579949504.000000" time="14173328.000000"/>
            </stats>
            <stats fillType="CANOLA" received="0.000000" paid="0.000000" priceVersion="1" isInPlateau="true" nextPlateauNumber="1" plateauDuration="51840000" meanValue="0.000000" plateauTime="21366248.000000">
                <curveBaseCurve nominalAmplitude="0.120600" nominalAmplitudeVariation="0.090450" amplitudeDistribution="2" nominalPeriod="172800000" nominalPeriodVariation="64800000" periodDistribution="1" amplitude="0.057753" period="44428300.000000" time="33321226.000000"/>
                <curve1 nominalAmplitude="0.060300" nominalAmplitudeVariation="0.012060" amplitudeDistribution="1" nominalPeriod="604800000" nominalPeriodVariation="120960000" periodDistribution="1" amplitude="0.071144" period="509019424.000000" time="241406272.000000"/>
            </stats>
            <stats fillType="SUNFLOWER" received="0.000000" paid="0.000000" priceVersion="1" isInPlateau="true" nextPlateauNumber="0" plateauDuration="51840000" meanValue="0.000000" plateauTime="46372564.000000">
                <curveBaseCurve nominalAmplitude="0.134600" nominalAmplitudeVariation="0.100950" amplitudeDistribution="2" nominalPeriod="172800000" nominalPeriodVariation="64800000" periodDistribution="1" amplitude="0.097290" period="58919628.000000" time="14729907.000000"/>
                <curve1 nominalAmplitude="0.067300" nominalAmplitudeVariation="0.013460" amplitudeDistribution="1" nominalPeriod="604800000" nominalPeriodVariation="120960000" periodDistribution="1" amplitude="0.057476" period="516516672.000000" time="261228704.000000"/>
            </stats>
            <stats fillType="SOYBEAN" received="81258.859375" paid="97095.070313" priceVersion="1" isInPlateau="true" nextPlateauNumber="1" plateauDuration="51840000" meanValue="0.000000" plateauTime="44028468.000000">
                <curveBaseCurve nominalAmplitude="0.155600" nominalAmplitudeVariation="0.116700" amplitudeDistribution="2" nominalPeriod="172800000" nominalPeriodVariation="64800000" periodDistribution="1" amplitude="0.048431" period="67182864.000000" time="50387148.000000"/>
                <curve1 nominalAmplitude="0.077800" nominalAmplitudeVariation="0.015560" amplitudeDistribution="1" nominalPeriod="604800000" nominalPeriodVariation="120960000" periodDistribution="1" amplitude="0.065820" period="498168416.000000" time="377449504.000000"/>
            </stats>
            <stats fillType="MAIZE" received="0.000000" paid="0.000000" priceVersion="1" isInPlateau="false" nextPlateauNumber="1" plateauDuration="51840000" meanValue="0.000000" plateauTime="0.000000">
                <curveBaseCurve nominalAmplitude="0.076000" nominalAmplitudeVariation="0.057000" amplitudeDistribution="2" nominalPeriod="172800000" nominalPeriodVariation="64800000" periodDistribution="1" amplitude="0.045995" period="76646632.000000" time="42010920.000000"/>
                <curve1 nominalAmplitude="0.038000" nominalAmplitudeVariation="0.007600" amplitudeDistribution="1" nominalPeriod="604800000" nominalPeriodVariation="120960000" periodDistribution="1" amplitude="0.043988" period="483531648.000000" time="84260664.000000"/>
            </stats>
            <stats fillType="POTATO" received="0.000000" paid="0.000000" priceVersion="1" isInPlateau="true" nextPlateauNumber="0" plateauDuration="51840000" meanValue="0.000000" plateauTime="39800200.000000">
                <curveBaseCurve nominalAmplitude="0.034400" nominalAmplitudeVariation="0.025800" amplitudeDistribution="2" nominalPeriod="172800000" nominalPeriodVariation="64800000" periodDistribution="1" amplitude="0.034650" period="64163356.000000" time="16040839.000000"/>
                <curve1 nominalAmplitude="0.017200" nominalAmplitudeVariation="0.003440" amplitudeDistribution="1" nominalPeriod="604800000" nominalPeriodVariation="120960000" periodDistribution="1" amplitude="0.020447" period="525876416.000000" time="247982528.000000"/>
            </stats>
            <stats fillType="SUGARBEET" received="0.000000" paid="0.000000" priceVersion="1" isInPlateau="false" nextPlateauNumber="1" plateauDuration="51840000" meanValue="0.000000" plateauTime="0.000000">
                <curveBaseCurve nominalAmplitude="0.024400" nominalAmplitudeVariation="0.018300" amplitudeDistribution="2" nominalPeriod="172800000" nominalPeriodVariation="64800000" periodDistribution="1" amplitude="0.017118" period="51556436.000000" time="21197522.000000"/>
                <curve1 nominalAmplitude="0.012200" nominalAmplitudeVariation="0.002440" amplitudeDistribution="1" nominalPeriod="604800000" nominalPeriodVariation="120960000" periodDistribution="1" amplitude="0.010546" period="467892128.000000" time="126042744.000000"/>
            </stats>
            <stats fillType="SUGARCANE" received="0.000000" paid="0.000000" priceVersion="1" isInPlateau="true" nextPlateauNumber="1" plateauDuration="51840000" meanValue="0.000000" plateauTime="36532328.000000">
                <curveBaseCurve nominalAmplitude="0.023800" nominalAmplitudeVariation="0.017850" amplitudeDistribution="2" nominalPeriod="172800000" nominalPeriodVariation="64800000" periodDistribution="1" amplitude="0.013507" period="77295432.000000" time="57971576.000000"/>
                <curve1 nominalAmplitude="0.011900" nominalAmplitudeVariation="0.002380" amplitudeDistribution="1" nominalPeriod="604800000" nominalPeriodVariation="120960000" periodDistribution="1" amplitude="0.011250" period="567234688.000000" time="444647520.000000"/>
            </stats>
            <stats fillType="EGG" received="0.000000" paid="0.000000" priceVersion="1" isInPlateau="false" nextPlateauNumber="1" plateauDuration="51840000" meanValue="0.000000" plateauTime="0.000000">
                <curveBaseCurve nominalAmplitude="0.300000" nominalAmplitudeVariation="0.225000" amplitudeDistribution="2" nominalPeriod="172800000" nominalPeriodVariation="64800000" periodDistribution="1" amplitude="0.163616" period="59883988.000000" time="27179874.000000"/>
                <curve1 nominalAmplitude="0.150000" nominalAmplitudeVariation="0.030000" amplitudeDistribution="1" nominalPeriod="604800000" nominalPeriodVariation="120960000" periodDistribution="1" amplitude="0.132159" period="461455264.000000" time="287122048.000000"/>
            </stats>
            <stats fillType="MILK" received="0.000000" paid="0.000000" priceVersion="1" isInPlateau="true" nextPlateauNumber="1" plateauDuration="51840000" meanValue="0.000000" plateauTime="45236504.000000">
                <curveBaseCurve nominalAmplitude="0.140000" nominalAmplitudeVariation="0.105000" amplitudeDistribution="2" nominalPeriod="172800000" nominalPeriodVariation="64800000" periodDistribution="1" amplitude="0.048233" period="89013688.000000" time="66760264.000000"/>
                <curve1 nominalAmplitude="0.070000" nominalAmplitudeVariation="0.014000" amplitudeDistribution="1" nominalPeriod="604800000" nominalPeriodVariation="120960000" periodDistribution="1" amplitude="0.080075" period="555370432.000000" time="185748272.000000"/>
            </stats>
        </sellingStation>
    </item>
    <item className="WoodSellStationPlaceable" id="12" modName="FS19_EstanciaLapacho" filename="$moddir$FS19_EstanciaLapacho/placeables/sellingStations/sellingStationWood.xml" position="128.0000 85.1000 -702.5000" rotation="0.0000 135.0000 0.0000" age="0" price="0.000000" farmId="0" mapBoundId="sellingStationWood"/>
    <item className="BuyingStationPlaceable" id="13" filename="data/placeables/limeStation/limeStation.xml" position="-259.0000 85.2000 -550.0000" rotation="0.0000 270.0000 0.0000" age="0" price="1.000000" farmId="0" mapBoundId="limeStation"/>
    <item className="BuyingStationPlaceable" id="14" modName="FS19_EstanciaLapacho" filename="$moddir$FS19_EstanciaLapacho/placeables/gasStation/gasStation.xml" position="-550.0000 82.0000 344.0000" rotation="0.0000 0.0000 0.0000" age="0" price="0.000000" farmId="0" mapBoundId="gasStation"/>
    <item className="SiloPlaceable" id="15" modName="FS19_EstanciaLapacho" filename="$moddir$FS19_EstanciaLapacho/placeables/storageSilo/storageSilo02.xml" position="198.0000 84.7140 468.7500" rotation="0.0000 270.0000 0.0000" age="0" price="0.000000" farmId="0" mapBoundId="trainSilo02">
        <storage index="1" farmId="1"/>
    </item>
    <item className="Placeable" id="16" modName="FS19_EstanciaLapacho" filename="$moddir$FS19_EstanciaLapacho/placeables/farmBuildings/farmStorageBarn.xml" position="-184.0000 80.0000 14.0000" rotation="0.0000 270.0000 0.0000" age="1" price="50000.000000" farmId="1"/>
    <item className="SellingStationPlaceable" id="17" modName="FS19_EstanciaLapacho" filename="$moddir$FS19_EstanciaLapacho/placeables/sellingStations/sellingStationWoodChips.xml" position="181.4000 85.0000 -723.4000" rotation="0.0000 -15.0000 0.0000" age="0" price="0.000000" farmId="0" mapBoundId="sellingStationWoodChips">
        <sellingStation>
            <stats fillType="WOODCHIPS" received="0.000000" paid="0.000000" priceVersion="1" isInPlateau="true" nextPlateauNumber="1" plateauDuration="51840000" meanValue="0.000000" plateauTime="44214480.000000">
                <curveBaseCurve nominalAmplitude="0.016000" nominalAmplitudeVariation="0.012000" amplitudeDistribution="2" nominalPeriod="172800000" nominalPeriodVariation="64800000" periodDistribution="1" amplitude="0.013733" period="55987588.000000" time="41990692.000000"/>
                <curve1 nominalAmplitude="0.008000" nominalAmplitudeVariation="0.001600" amplitudeDistribution="1" nominalPeriod="604800000" nominalPeriodVariation="120960000" periodDistribution="1" amplitude="0.007429" period="449167104.000000" time="415346912.000000"/>
            </stats>
        </sellingStation>
    </item>
    <item className="SellingStationPlaceable" id="18" modName="FS19_EstanciaLapacho" filename="$moddir$FS19_EstanciaLapacho/placeables/sellingStations/sellingStationBales.xml" position="-728.0000 83.3000 361.0000" rotation="0.0000 0.0000 0.0000" age="0" price="0.000000" farmId="0" mapBoundId="baleSellingStation">
        <sellingStation>
            <stats fillType="GRASS_WINDROW" received="0.000000" paid="0.000000" priceVersion="1" isInPlateau="true" nextPlateauNumber="1" plateauDuration="51840000" meanValue="0.000000" plateauTime="1895283.375000">
                <curveBaseCurve nominalAmplitude="0.009000" nominalAmplitudeVariation="0.006750" amplitudeDistribution="2" nominalPeriod="172800000" nominalPeriodVariation="64800000" periodDistribution="1" amplitude="0.002262" period="81454120.000000" time="61090592.000000"/>
                <curve1 nominalAmplitude="0.004500" nominalAmplitudeVariation="0.000900" amplitudeDistribution="1" nominalPeriod="604800000" nominalPeriodVariation="120960000" periodDistribution="1" amplitude="0.004338" period="577370496.000000" time="340749472.000000"/>
            </stats>
            <stats fillType="DRYGRASS_WINDROW" received="0.000000" paid="0.000000" priceVersion="1" isInPlateau="true" nextPlateauNumber="0" plateauDuration="51840000" meanValue="0.000000" plateauTime="42600392.000000">
                <curveBaseCurve nominalAmplitude="0.011200" nominalAmplitudeVariation="0.008400" amplitudeDistribution="2" nominalPeriod="172800000" nominalPeriodVariation="64800000" periodDistribution="1" amplitude="0.005475" period="46638372.000000" time="11659593.000000"/>
                <curve1 nominalAmplitude="0.005600" nominalAmplitudeVariation="0.001120" amplitudeDistribution="1" nominalPeriod="604800000" nominalPeriodVariation="120960000" periodDistribution="1" amplitude="0.004870" period="449002304.000000" time="237583232.000000"/>
            </stats>
            <stats fillType="STRAW" received="0.000000" paid="0.000000" priceVersion="1" isInPlateau="false" nextPlateauNumber="0" plateauDuration="51840000" meanValue="0.000000" plateauTime="0.000000">
                <curveBaseCurve nominalAmplitude="0.008200" nominalAmplitudeVariation="0.006150" amplitudeDistribution="2" nominalPeriod="172800000" nominalPeriodVariation="64800000" periodDistribution="1" amplitude="0.010128" period="75269256.000000" time="64636368.000000"/>
                <curve1 nominalAmplitude="0.004100" nominalAmplitudeVariation="0.000820" amplitudeDistribution="1" nominalPeriod="604800000" nominalPeriodVariation="120960000" periodDistribution="1" amplitude="0.004491" period="459364832.000000" time="270760032.000000"/>
            </stats>
            <stats fillType="SILAGE" received="0.000000" paid="0.000000" priceVersion="1" isInPlateau="false" nextPlateauNumber="1" plateauDuration="51840000" meanValue="0.000000" plateauTime="0.000000">
                <curveBaseCurve nominalAmplitude="0.034200" nominalAmplitudeVariation="0.025650" amplitudeDistribution="2" nominalPeriod="172800000" nominalPeriodVariation="64800000" periodDistribution="1" amplitude="0.015740" period="81149848.000000" time="39630516.000000"/>
                <curve1 nominalAmplitude="0.017100" nominalAmplitudeVariation="0.003420" amplitudeDistribution="1" nominalPeriod="604800000" nominalPeriodVariation="120960000" periodDistribution="1" amplitude="0.014946" period="543656640.000000" time="77099656.000000"/>
            </stats>
        </sellingStation>
    </item>
    <item className="Workshop" id="19" modName="FS19_EstanciaLapacho" filename="$moddir$FS19_EstanciaLapacho/placeables/sellingStations/sellingStationVehicles.xml" position="509.8000 81.6500 2.9000" rotation="0.0000 -8.0000 0.0000" age="0" price="0.000000" farmId="0" mapBoundId="sellingStationVehicles"/>
    <item className="TrainPlaceable" id="20" modName="FS19_EstanciaLapacho" filename="$moddir$FS19_EstanciaLapacho/placeables/trainSystem/trainSystem.xml" position="0.0000 0.0000 0.0000" rotation="0.0000 0.0000 0.0000" age="0" price="0.000000" farmId="0" mapBoundId="trainSystem" splineTime="0.392538">
        <railroadVehicle vehicleId="1"/>
        <railroadVehicle vehicleId="2"/>
        <railroadVehicle vehicleId="3"/>
        <railroadVehicle vehicleId="4"/>
        <railroadVehicle vehicleId="5"/>
        <railroadVehicle vehicleId="6"/>
    </item>
    <item className="SellingStationPlaceable" id="21" modName="FS19_EstanciaLapacho" filename="$moddir$FS19_EstanciaLapacho/placeables/sellingStations/sellingStationBakery.xml" position="683.8740 84.0500 784.8500" rotation="0.0000 0.0000 0.0000" age="0" price="0.000000" farmId="0" mapBoundId="bakerySellingStation">
        <sellingStation>
            <stats fillType="WHEAT" received="0.000000" paid="0.000000" priceVersion="1" isInPlateau="true" nextPlateauNumber="1" plateauDuration="51840000" meanValue="0.000000" plateauTime="44814496.000000">
                <curveBaseCurve nominalAmplitude="0.067400" nominalAmplitudeVariation="0.050550" amplitudeDistribution="2" nominalPeriod="172800000" nominalPeriodVariation="64800000" periodDistribution="1" amplitude="0.039995" period="89271776.000000" time="66953832.000000"/>
                <curve1 nominalAmplitude="0.033700" nominalAmplitudeVariation="0.006740" amplitudeDistribution="1" nominalPeriod="604800000" nominalPeriodVariation="120960000" periodDistribution="1" amplitude="0.031050" period="413461248.000000" time="136549248.000000"/>
            </stats>
            <stats fillType="BARLEY" received="0.000000" paid="0.000000" priceVersion="1" isInPlateau="false" nextPlateauNumber="0" plateauDuration="51840000" meanValue="0.000000" plateauTime="0.000000">
                <curveBaseCurve nominalAmplitude="0.062600" nominalAmplitudeVariation="0.046950" amplitudeDistribution="2" nominalPeriod="172800000" nominalPeriodVariation="64800000" periodDistribution="1" amplitude="0.033836" period="65346200.000000" time="54327948.000000"/>
                <curve1 nominalAmplitude="0.031300" nominalAmplitudeVariation="0.006260" amplitudeDistribution="1" nominalPeriod="604800000" nominalPeriodVariation="120960000" periodDistribution="1" amplitude="0.028396" period="561839360.000000" time="199357904.000000"/>
            </stats>
            <stats fillType="OAT" received="0.000000" paid="0.000000" priceVersion="1" isInPlateau="true" nextPlateauNumber="1" plateauDuration="51840000" meanValue="0.000000" plateauTime="40642276.000000">
                <curveBaseCurve nominalAmplitude="0.106400" nominalAmplitudeVariation="0.079800" amplitudeDistribution="2" nominalPeriod="172800000" nominalPeriodVariation="64800000" periodDistribution="1" amplitude="0.083099" period="56377820.000000" time="42283364.000000"/>
                <curve1 nominalAmplitude="0.053200" nominalAmplitudeVariation="0.010640" amplitudeDistribution="1" nominalPeriod="604800000" nominalPeriodVariation="120960000" periodDistribution="1" amplitude="0.058844" period="427449824.000000" time="272777440.000000"/>
            </stats>
            <stats fillType="CANOLA" received="0.000000" paid="0.000000" priceVersion="1" isInPlateau="true" nextPlateauNumber="1" plateauDuration="51840000" meanValue="0.000000" plateauTime="41488312.000000">
                <curveBaseCurve nominalAmplitude="0.120600" nominalAmplitudeVariation="0.090450" amplitudeDistribution="2" nominalPeriod="172800000" nominalPeriodVariation="64800000" periodDistribution="1" amplitude="0.035226" period="48695804.000000" time="36521852.000000"/>
                <curve1 nominalAmplitude="0.060300" nominalAmplitudeVariation="0.012060" amplitudeDistribution="1" nominalPeriod="604800000" nominalPeriodVariation="120960000" periodDistribution="1" amplitude="0.057292" period="404598784.000000" time="374955200.000000"/>
            </stats>
            <stats fillType="SUNFLOWER" received="0.000000" paid="0.000000" priceVersion="1" isInPlateau="false" nextPlateauNumber="1" plateauDuration="51840000" meanValue="0.000000" plateauTime="0.000000">
                <curveBaseCurve nominalAmplitude="0.134600" nominalAmplitudeVariation="0.100950" amplitudeDistribution="2" nominalPeriod="172800000" nominalPeriodVariation="64800000" periodDistribution="1" amplitude="0.036774" period="65416712.000000" time="34891164.000000"/>
                <curve1 nominalAmplitude="0.067300" nominalAmplitudeVariation="0.013460" amplitudeDistribution="1" nominalPeriod="604800000" nominalPeriodVariation="120960000" periodDistribution="1" amplitude="0.070000" period="574035520.000000" time="225046096.000000"/>
            </stats>
            <stats fillType="SOYBEAN" received="0.000000" paid="0.000000" priceVersion="1" isInPlateau="true" nextPlateauNumber="1" plateauDuration="51840000" meanValue="0.000000" plateauTime="32301598.000000">
                <curveBaseCurve nominalAmplitude="0.155600" nominalAmplitudeVariation="0.116700" amplitudeDistribution="2" nominalPeriod="172800000" nominalPeriodVariation="64800000" periodDistribution="1" amplitude="0.152625" period="79678120.000000" time="59758592.000000"/>
                <curve1 nominalAmplitude="0.077800" nominalAmplitudeVariation="0.015560" amplitudeDistribution="1" nominalPeriod="604800000" nominalPeriodVariation="120960000" periodDistribution="1" amplitude="0.075451" period="576388160.000000" time="38961488.000000"/>
            </stats>
            <stats fillType="MAIZE" received="0.000000" paid="0.000000" priceVersion="1" isInPlateau="false" nextPlateauNumber="0" plateauDuration="51840000" meanValue="0.000000" plateauTime="0.000000">
                <curveBaseCurve nominalAmplitude="0.076000" nominalAmplitudeVariation="0.057000" amplitudeDistribution="2" nominalPeriod="172800000" nominalPeriodVariation="64800000" periodDistribution="1" amplitude="0.083222" period="72631928.000000" time="66848836.000000"/>
                <curve1 nominalAmplitude="0.038000" nominalAmplitudeVariation="0.007600" amplitudeDistribution="1" nominalPeriod="604800000" nominalPeriodVariation="120960000" periodDistribution="1" amplitude="0.043326" period="518333216.000000" time="406860192.000000"/>
            </stats>
            <stats fillType="POTATO" received="0.000000" paid="0.000000" priceVersion="1" isInPlateau="false" nextPlateauNumber="1" plateauDuration="51840000" meanValue="0.000000" plateauTime="0.000000">
                <curveBaseCurve nominalAmplitude="0.034400" nominalAmplitudeVariation="0.025800" amplitudeDistribution="2" nominalPeriod="172800000" nominalPeriodVariation="64800000" periodDistribution="1" amplitude="0.027747" period="62725288.000000" time="41464512.000000"/>
                <curve1 nominalAmplitude="0.017200" nominalAmplitudeVariation="0.003440" amplitudeDistribution="1" nominalPeriod="604800000" nominalPeriodVariation="120960000" periodDistribution="1" amplitude="0.016519" period="587313152.000000" time="445886336.000000"/>
            </stats>
            <stats fillType="SUGARBEET" received="0.000000" paid="0.000000" priceVersion="1" isInPlateau="true" nextPlateauNumber="1" plateauDuration="51840000" meanValue="0.000000" plateauTime="40752288.000000">
                <curveBaseCurve nominalAmplitude="0.024400" nominalAmplitudeVariation="0.018300" amplitudeDistribution="2" nominalPeriod="172800000" nominalPeriodVariation="64800000" periodDistribution="1" amplitude="0.010026" period="50171276.000000" time="37628456.000000"/>
                <curve1 nominalAmplitude="0.012200" nominalAmplitudeVariation="0.002440" amplitudeDistribution="1" nominalPeriod="604800000" nominalPeriodVariation="120960000" periodDistribution="1" amplitude="0.010255" period="421728928.000000" time="151203264.000000"/>
            </stats>
            <stats fillType="SUGARCANE" received="0.000000" paid="0.000000" priceVersion="1" isInPlateau="false" nextPlateauNumber="0" plateauDuration="51840000" meanValue="0.000000" plateauTime="0.000000">
                <curveBaseCurve nominalAmplitude="0.023800" nominalAmplitudeVariation="0.017850" amplitudeDistribution="2" nominalPeriod="172800000" nominalPeriodVariation="64800000" periodDistribution="1" amplitude="0.032933" period="59262284.000000" time="57007572.000000"/>
                <curve1 nominalAmplitude="0.011900" nominalAmplitudeVariation="0.002380" amplitudeDistribution="1" nominalPeriod="604800000" nominalPeriodVariation="120960000" periodDistribution="1" amplitude="0.010074" period="523471968.000000" time="32727486.000000"/>
            </stats>
            <stats fillType="EGG" received="0.000000" paid="0.000000" priceVersion="1" isInPlateau="false" nextPlateauNumber="1" plateauDuration="51840000" meanValue="0.000000" plateauTime="0.000000">
                <curveBaseCurve nominalAmplitude="0.300000" nominalAmplitudeVariation="0.225000" amplitudeDistribution="2" nominalPeriod="172800000" nominalPeriodVariation="64800000" periodDistribution="1" amplitude="0.319381" period="93141632.000000" time="29031688.000000"/>
                <curve1 nominalAmplitude="0.150000" nominalAmplitudeVariation="0.030000" amplitudeDistribution="1" nominalPeriod="604800000" nominalPeriodVariation="120960000" periodDistribution="1" amplitude="0.126814" period="560062720.000000" time="437990176.000000"/>
            </stats>
            <stats fillType="MILK" received="0.000000" paid="0.000000" priceVersion="1" isInPlateau="true" nextPlateauNumber="1" plateauDuration="51840000" meanValue="0.000000" plateauTime="34507720.000000">
                <curveBaseCurve nominalAmplitude="0.140000" nominalAmplitudeVariation="0.105000" amplitudeDistribution="2" nominalPeriod="172800000" nominalPeriodVariation="64800000" periodDistribution="1" amplitude="0.070555" period="70557616.000000" time="52918212.000000"/>
                <curve1 nominalAmplitude="0.070000" nominalAmplitudeVariation="0.014000" amplitudeDistribution="1" nominalPeriod="604800000" nominalPeriodVariation="120960000" periodDistribution="1" amplitude="0.064078" period="558801984.000000" time="176298864.000000"/>
            </stats>
        </sellingStation>
    </item>
</items>
