﻿<npcs>
    <npc name="NPC_01" finishedMissions="0"/>
    <npc name="NPC_02" finishedMissions="0"/>
    <npc name="NPC_03" finishedMissions="0"/>
    <npc name="NPC_04" finishedMissions="0"/>
    <npc name="NPC_05" finishedMissions="0"/>
    <npc name="NPC_06" finishedMissions="0"/>
    <npc name="NPC_07" finishedMissions="0"/>
    <npc name="NPC_08" finishedMissions="0"/>
    <npc name="NPC_09" finishedMissions="0"/>
    <npc name="NPC_10" finishedMissions="0"/>
    <npc name="NPC_11" finishedMissions="0"/>
    <npc name="NPC_12" finishedMissions="0"/>
    <npc name="NPC_13" finishedMissions="0"/>
    <npc name="NPC_14" finishedMissions="0"/>
    <npc name="NPC_15" finishedMissions="0"/>
    <npc name="NPC_16" finishedMissions="0"/>
    <npc name="NPC_17" finishedMissions="0"/>
    <npc name="NPC_18" finishedMissions="0"/>
    <npc name="NPC_19" finishedMissions="0"/>
    <npc name="NPC_US_01" finishedMissions="0"/>
    <npc name="NPC_US_02" finishedMissions="0"/>
    <npc name="NPC_US_03" finishedMissions="0"/>
    <npc name="NPC_US_04" finishedMissions="0"/>
    <npc name="NPC_US_05" finishedMissions="0"/>
    <npc name="NPC_US_06" finishedMissions="0"/>
    <npc name="NPC_US_07" finishedMissions="0"/>
    <npc name="NPC_US_08" finishedMissions="0"/>
    <npc name="NPC_US_09" finishedMissions="0"/>
    <npc name="NPC_US_10" finishedMissions="0"/>
    <npc name="NPC_US_11" finishedMissions="0"/>
    <npc name="NPC_US_12" finishedMissions="0"/>
    <npc name="NPC_US_13" finishedMissions="0"/>
    <npc name="NPC_US_14" finishedMissions="0"/>
    <npc name="NPC_US_15" finishedMissions="0"/>
    <npc name="NPC_US_16" finishedMissions="0"/>
    <npc name="NPC_US_17" finishedMissions="0"/>
    <npc name="NPC_US_18" finishedMissions="0"/>
    <npc name="NPC_US_19" finishedMissions="0"/>
    <npc name="NPC_US_20" finishedMissions="0"/>
</npcs>
