﻿<vehicles>
    <vehicle id="1" filename="data/vehicles/train/locomotive04/locomotive04.xml" isAbsolute="true" age="1.000000" price="164000.000000" farmId="0" propertyState="0" operatingTime="24848.570313">
        <component1 position="-829.0978 104.0835 -515.5435" rotation="176.0000 -22.5001 -180.0000"/>
        <configuration name="wheel" id="1"/>
        <configuration name="motor" id="1"/>
        <boughtConfiguration name="motor" id="1"/>
        <boughtConfiguration name="wheel" id="1"/>
        <drivable cruiseControl="80.000000"/>
        <attacherJoints comboDirection="-1"/>
    </vehicle>
    <vehicle id="2" filename="data/vehicles/train/wagonGrain/wagonGrain.xml" isAbsolute="true" age="1.000000" price="1.000000" farmId="0" propertyState="0" operatingTime="24849.732422">
        <component1 position="-821.8883 102.7661 -498.1381" rotation="176.0000 -22.4996 -180.0000"/>
        <configuration name="cover" id="1"/>
        <configuration name="fillVolume" id="1"/>
        <configuration name="wheel" id="1"/>
        <configuration name="fillUnit" id="1"/>
        <configuration name="trailer" id="1"/>
        <boughtConfiguration name="cover" id="1"/>
        <boughtConfiguration name="fillVolume" id="1"/>
        <boughtConfiguration name="wheel" id="1"/>
        <boughtConfiguration name="fillUnit" id="1"/>
        <boughtConfiguration name="trailer" id="1"/>
        <attacherJoints comboDirection="-1"/>
        <fillUnit>
            <unit index="1" fillType="UNKNOWN" fillLevel="0.000000"/>
        </fillUnit>
        <cover state="0"/>
    </vehicle>
    <vehicle id="3" filename="data/vehicles/train/wagonWoodChips/wagonWoodChips.xml" isAbsolute="true" age="1.000000" price="1.000000" farmId="0" propertyState="0" operatingTime="24849.732422">
        <component1 position="-815.3002 101.5622 -482.2326" rotation="176.0000 -22.4997 180.0000"/>
        <configuration name="trailer" id="1"/>
        <configuration name="wheel" id="1"/>
        <configuration name="fillUnit" id="1"/>
        <configuration name="fillVolume" id="1"/>
        <boughtConfiguration name="trailer" id="1"/>
        <boughtConfiguration name="wheel" id="1"/>
        <boughtConfiguration name="fillUnit" id="1"/>
        <boughtConfiguration name="fillVolume" id="1"/>
        <attacherJoints comboDirection="-1"/>
        <fillUnit>
            <unit index="1" fillType="UNKNOWN" fillLevel="0.000000"/>
        </fillUnit>
    </vehicle>
    <vehicle id="4" filename="data/vehicles/train/wagonTimber/wagonTimber.xml" isAbsolute="true" age="1.000000" price="1.000000" farmId="0" propertyState="0" operatingTime="24849.732422">
        <component1 position="-808.5220 100.3237 -465.8685" rotation="176.0000 -22.4998 -180.0000"/>
        <configuration name="wheel" id="1"/>
        <configuration name="tensionBelts" id="1"/>
        <boughtConfiguration name="tensionBelts" id="1"/>
        <boughtConfiguration name="wheel" id="1"/>
        <attacherJoints comboDirection="-1"/>
        <tensionBelts>
            <belt isActive="false"/>
            <belt isActive="false"/>
            <belt isActive="false"/>
            <belt isActive="false"/>
            <belt isActive="false"/>
            <belt isActive="false"/>
            <belt isActive="false"/>
            <belt isActive="false"/>
            <belt isActive="false"/>
            <belt isActive="false"/>
            <belt isActive="false"/>
        </tensionBelts>
    </vehicle>
    <vehicle id="5" filename="data/vehicles/train/wagonSugarbeets/wagonSugarbeets.xml" isAbsolute="true" age="1.000000" price="1.000000" farmId="0" propertyState="0" operatingTime="24849.732422">
        <component1 position="-798.3643 98.4676 -441.3451" rotation="176.0000 -22.4999 -180.0000"/>
        <configuration name="cover" id="1"/>
        <configuration name="fillVolume" id="1"/>
        <configuration name="wheel" id="1"/>
        <configuration name="fillUnit" id="1"/>
        <configuration name="trailer" id="1"/>
        <boughtConfiguration name="cover" id="1"/>
        <boughtConfiguration name="fillVolume" id="1"/>
        <boughtConfiguration name="wheel" id="1"/>
        <boughtConfiguration name="fillUnit" id="1"/>
        <boughtConfiguration name="trailer" id="1"/>
        <attacherJoints comboDirection="-1"/>
        <fillUnit>
            <unit index="1" fillType="UNKNOWN" fillLevel="0.000000"/>
        </fillUnit>
        <cover state="0"/>
    </vehicle>
    <vehicle id="6" filename="data/vehicles/train/wagonVehicles/wagonVehicles.xml" isAbsolute="true" age="1.000000" price="1.000000" farmId="0" propertyState="0" operatingTime="24849.732422">
        <component1 position="-790.0571 96.9496 -421.2896" rotation="176.0000 -22.4998 -180.0000"/>
        <configuration name="wheel" id="1"/>
        <configuration name="tensionBelts" id="1"/>
        <boughtConfiguration name="tensionBelts" id="1"/>
        <boughtConfiguration name="wheel" id="1"/>
        <attacherJoints comboDirection="-1"/>
        <tensionBelts>
            <belt isActive="false"/>
            <belt isActive="false"/>
            <belt isActive="false"/>
            <belt isActive="false"/>
            <belt isActive="false"/>
            <belt isActive="false"/>
            <belt isActive="false"/>
            <belt isActive="false"/>
            <belt isActive="false"/>
            <belt isActive="false"/>
            <belt isActive="false"/>
            <belt isActive="false"/>
            <belt isActive="false"/>
        </tensionBelts>
    </vehicle>
    <vehicle id="7" filename="data/vehicles/challenger/mt900/mt900E.xml" isAbsolute="true" age="1.000000" price="508500.000000" farmId="1" propertyState="1" operatingTime="2111.926514">
        <component1 position="461.9151 85.6621 -138.7251" rotation="178.0864 -0.4307 -177.6267"/>
        <component2 position="461.9151 85.6621 -138.7251" rotation="178.0864 -0.4307 -177.6267"/>
        <configuration name="wheel" id="4"/>
        <configuration name="fillUnit" id="1"/>
        <configuration name="motor" id="3"/>
        <boughtConfiguration name="wheel" id="1"/>
        <boughtConfiguration name="wheel" id="4"/>
        <boughtConfiguration name="fillUnit" id="1"/>
        <boughtConfiguration name="motor" id="1"/>
        <boughtConfiguration name="motor" id="3"/>
        <washable>
            <dirtNode amount="0.000000"/>
            <dirtNode amount="0.000000"/>
            <dirtNode amount="0.000000"/>
            <dirtNode amount="0.000000"/>
            <dirtNode amount="0.000000"/>
        </washable>
        <wearable>
            <wearNode amount="0.056920"/>
        </wearable>
        <fillUnit>
            <unit index="1" fillType="DIESEL" fillLevel="1493.084229"/>
            <unit index="2" fillType="DEF" fillLevel="198.000000"/>
            <unit index="3" fillType="AIR" fillLevel="2860.819580"/>
        </fillUnit>
        <drivable cruiseControl="43.000000"/>
        <attacherJoints comboDirection="-1"/>
        <courseplay>
            <basics  aiMode="6" courses="" openHudWithMouse="false" lights="1" visualWaypointsStartEnd="true" visualWaypointsAll="true" visualWaypointsCrossing="false" waitTime="0" siloSelectedFillType="nil" runNumber="11" runCounter="0" runCounterBool="false" saveFuelOption="true" drivingMode="2"/>
            <speeds  useRecordingSpeed="true" reverse="5" turn="10" field="24" max="43"/>
            <combi  tipperOffset="0.0" combineOffset="0.0" combineOffsetAutoMode="true" fillFollow="50" fillDriveOn="90" searchCombineOnField="0"/>
            <driving  turnDiameter="40" turnDiameterAutoMode="false" realisticDriving="true" allwaysSearchFuel="false" alignment="true"/>
            <fieldWork  workWidth="23.9" ridgeMarkersAutomatic="true" offsetData="0.0;0.0;2.5;false;0.0;0.0;0" abortWork="0" refillUntilPct="100" turnOnField="true" oppositeTurnMode="false" manualWorkWidth="23.9" plowFieldEdge="false" lastValidTipDistance="0.0" hasSavedPosition="true" savedPositionX="557.3" savedPositionZ="-212.7" savedFieldNum="29.0" fertilizerEnabled="true" convoyActive="false"/>
            <mode10  leveling="true" CourseplayersOnly="false" searchRadius="50" maxSiloSpeed="20" shieldHeight="0.3" automaticSpeed="true" automaticHeight="true" bladeOffset="0.0" drivingThroughtLoading="false"/>
        </courseplay>
    </vehicle>
    <vehicle id="8" filename="data/vehicles/man/tgs18500/tgs18500.xml" isAbsolute="true" age="1.000000" price="133300.000000" farmId="1" propertyState="1" operatingTime="5334.922852">
        <component1 position="545.1974 84.0979 -140.6374" rotation="-2.0509 45.7262 -10.3631"/>
        <configuration name="attacherJoint" id="1"/>
        <configuration name="baseMaterial" id="24"/>
        <configuration name="rimColor" id="24"/>
        <configuration name="wheel" id="1"/>
        <configuration name="fillUnit" id="1"/>
        <configuration name="motor" id="1"/>
        <boughtConfiguration name="attacherJoint" id="1"/>
        <boughtConfiguration name="baseMaterial" id="1"/>
        <boughtConfiguration name="baseMaterial" id="24"/>
        <boughtConfiguration name="rimColor" id="1"/>
        <boughtConfiguration name="rimColor" id="24"/>
        <boughtConfiguration name="motor" id="1"/>
        <boughtConfiguration name="fillUnit" id="1"/>
        <boughtConfiguration name="wheel" id="1"/>
        <washable>
            <dirtNode amount="0.000000"/>
            <dirtNode amount="0.000000"/>
            <dirtNode amount="0.000000"/>
            <dirtNode amount="0.000000"/>
            <dirtNode amount="0.000000"/>
        </washable>
        <wearable>
            <wearNode amount="0.101078"/>
        </wearable>
        <fillUnit>
            <unit index="1" fillType="DIESEL" fillLevel="378.133606"/>
            <unit index="2" fillType="DEF" fillLevel="60.000000"/>
            <unit index="3" fillType="AIR" fillLevel="3208.343018"/>
        </fillUnit>
        <drivable cruiseControl="45.000000"/>
        <attacherJoints comboDirection="-1"/>
        <courseplay>
            <basics  aiMode="2" courses="" openHudWithMouse="false" lights="1" visualWaypointsStartEnd="true" visualWaypointsAll="true" visualWaypointsCrossing="false" waitTime="0" siloSelectedFillType="nil" runNumber="11" runCounter="0" runCounterBool="false" saveFuelOption="true" drivingMode="0"/>
            <speeds  useRecordingSpeed="false" reverse="6" turn="10" field="24" max="45"/>
            <combi  tipperOffset="0.0" combineOffset="0.0" combineOffsetAutoMode="true" fillFollow="50" fillDriveOn="100" searchCombineOnField="0"/>
            <driving  turnDiameter="10" turnDiameterAutoMode="true" realisticDriving="true" allwaysSearchFuel="false" alignment="true"/>
            <fieldWork  workWidth="3.0" ridgeMarkersAutomatic="true" offsetData="0.0;0.0;0.0;false;0.0;0.0;0" abortWork="0" refillUntilPct="100" turnOnField="true" oppositeTurnMode="false" manualWorkWidth="0.0" plowFieldEdge="false" lastValidTipDistance="0.0" hasSavedPosition="false" savedPositionX="0.0" savedPositionZ="0.0" savedFieldNum="0.0" fertilizerEnabled="true" convoyActive="false"/>
            <mode10  leveling="true" CourseplayersOnly="false" searchRadius="50" maxSiloSpeed="20" shieldHeight="0.3" automaticSpeed="true" automaticHeight="true" bladeOffset="0.0" drivingThroughtLoading="false"/>
        </courseplay>
    </vehicle>
    <vehicle id="9" filename="data/vehicles/krampe/SB3060/SB3060.xml" isAbsolute="true" age="1.000000" price="79700.000000" farmId="1" propertyState="1" operatingTime="5255.688965">
        <component1 position="540.8817 84.6460 -145.1331" rotation="-0.6099 43.5631 -9.1870"/>
        <configuration name="cover" id="1"/>
        <configuration name="fillVolume" id="1"/>
        <configuration name="wheel" id="2"/>
        <configuration name="fillUnit" id="1"/>
        <configuration name="trailer" id="1"/>
        <boughtConfiguration name="cover" id="1"/>
        <boughtConfiguration name="fillVolume" id="1"/>
        <boughtConfiguration name="wheel" id="1"/>
        <boughtConfiguration name="wheel" id="2"/>
        <boughtConfiguration name="fillUnit" id="1"/>
        <boughtConfiguration name="trailer" id="1"/>
        <washable>
            <dirtNode amount="0.000000"/>
            <dirtNode amount="0.000000"/>
            <dirtNode amount="0.000000"/>
            <dirtNode amount="0.000000"/>
            <dirtNode amount="0.000000"/>
            <dirtNode amount="0.000000"/>
            <dirtNode amount="0.000000"/>
        </washable>
        <wearable>
            <wearNode amount="0.101336"/>
        </wearable>
        <attacherJoints comboDirection="-1"/>
        <foldable foldAnimTime="1.000000"/>
        <fillUnit>
            <unit index="1" fillType="UNKNOWN" fillLevel="0.000000"/>
        </fillUnit>
        <cover state="0"/>
        <trailer tipSideIndex="1"/>
    </vehicle>
    <vehicle id="10" filename="data/vehicles/caseIH/draper3162/draper3162.xml" isAbsolute="true" age="1.000000" price="89000.000000" farmId="1" propertyState="1" operatingTime="7381.317871">
        <component1 position="485.2306 86.9501 -157.1389" rotation="-179.8755 19.3740 -178.8727"/>
        <component2 position="480.8465 87.0918 -158.1626" rotation="-179.8339 -12.0937 -178.9331"/>
        <component3 position="477.7988 87.0687 -157.5097" rotation="179.6769 -12.0910 -176.5797"/>
        <configuration name="wheel" id="1"/>
        <boughtConfiguration name="wheel" id="1"/>
        <washable>
            <dirtNode amount="0.000000"/>
            <dirtNode amount="0.000000"/>
            <dirtNode amount="0.000000"/>
            <dirtNode amount="0.000000"/>
            <dirtNode amount="0.000000"/>
        </washable>
        <wearable>
            <wearNode amount="0.310690"/>
        </wearable>
        <cylindered>
            <movingTool translation="0.000000"/>
            <movingTool rotation="0.000000"/>
        </cylindered>
        <attacherJoints comboDirection="-1"/>
        <foldable foldAnimTime="0.000000"/>
    </vehicle>
    <vehicle id="11" filename="data/vehicles/agco/ideal9/IDEAL9.xml" isAbsolute="true" age="1.000000" price="519500.000000" farmId="1" propertyState="1" operatingTime="7949.161133">
        <component1 position="482.0832 86.8501 -148.2884" rotation="177.3752 22.7811 -179.1470"/>
        <component2 position="481.6542 87.5417 -147.2913" rotation="177.3802 22.7815 -179.1345"/>
        <configuration name="fillVolume" id="1"/>
        <configuration name="design" id="1"/>
        <configuration name="wheel" id="1"/>
        <configuration name="fillUnit" id="1"/>
        <configuration name="motor" id="2"/>
        <boughtConfiguration name="fillVolume" id="1"/>
        <boughtConfiguration name="motor" id="1"/>
        <boughtConfiguration name="motor" id="2"/>
        <boughtConfiguration name="wheel" id="1"/>
        <boughtConfiguration name="fillUnit" id="1"/>
        <boughtConfiguration name="design" id="1"/>
        <washable>
            <dirtNode amount="0.000000"/>
            <dirtNode amount="0.000000"/>
            <dirtNode amount="0.000000"/>
            <dirtNode amount="0.000000"/>
            <dirtNode amount="0.000000"/>
        </washable>
        <wearable>
            <wearNode amount="0.235172"/>
        </wearable>
        <fillUnit>
            <unit index="1" fillType="UNKNOWN" fillLevel="0.000000"/>
            <unit index="2" fillType="DIESEL" fillLevel="992.673462"/>
            <unit index="3" fillType="DEF" fillLevel="38.000000"/>
        </fillUnit>
        <drivable cruiseControl="42.000000"/>
        <attacherJoints comboDirection="-1"/>
        <foldable foldAnimTime="1.000000"/>
        <combine isSwathActive="false" workedHectars="18.057526"/>
        <pipe state="1"/>
        <courseplay>
            <basics  aiMode="6" courses="" openHudWithMouse="false" lights="1" visualWaypointsStartEnd="true" visualWaypointsAll="true" visualWaypointsCrossing="false" waitTime="0" siloSelectedFillType="nil" runNumber="11" runCounter="0" runCounterBool="false" saveFuelOption="true" drivingMode="2"/>
            <speeds  useRecordingSpeed="true" reverse="6" turn="10" field="24" max="42"/>
            <combi  tipperOffset="0.0" combineOffset="0.0" combineOffsetAutoMode="true" fillFollow="50" fillDriveOn="90" searchCombineOnField="0"/>
            <driving  turnDiameter="11" turnDiameterAutoMode="true" realisticDriving="true" allwaysSearchFuel="false" alignment="true"/>
            <fieldWork  workWidth="13.0" ridgeMarkersAutomatic="true" offsetData="0.0;0.0;0.0;false;0.0;0.0;0" abortWork="0" refillUntilPct="100" turnOnField="true" oppositeTurnMode="false" manualWorkWidth="13.0" plowFieldEdge="false" lastValidTipDistance="0.0" hasSavedPosition="true" savedPositionX="563.5" savedPositionZ="-204.4" savedFieldNum="29.0" fertilizerEnabled="false" convoyActive="true"/>
            <mode10  leveling="true" CourseplayersOnly="false" searchRadius="50" maxSiloSpeed="20" shieldHeight="0.3" automaticSpeed="true" automaticHeight="true" bladeOffset="0.0" drivingThroughtLoading="false"/>
            <combine  driverPriorityUseFillLevel="false" stopWhenUnloading="false"/>
        </courseplay>
    </vehicle>
    <vehicle id="12" filename="data/vehicles/fendt/vario1000/vario1000.xml" isAbsolute="true" age="1.000000" price="382000.000000" farmId="1" propertyState="1" operatingTime="8997.226563">
        <component1 position="523.9098 86.8132 -160.1333" rotation="-179.0274 -36.8603 178.6566"/>
        <configuration name="motor" id="4"/>
        <configuration name="fillUnit" id="1"/>
        <configuration name="wheel" id="9"/>
        <boughtConfiguration name="wheel" id="1"/>
        <boughtConfiguration name="wheel" id="10"/>
        <boughtConfiguration name="wheel" id="9"/>
        <boughtConfiguration name="fillUnit" id="1"/>
        <boughtConfiguration name="motor" id="1"/>
        <boughtConfiguration name="motor" id="4"/>
        <washable>
            <dirtNode amount="0.000000"/>
            <dirtNode amount="0.000000"/>
            <dirtNode amount="0.000000"/>
            <dirtNode amount="0.000000"/>
            <dirtNode amount="0.000000"/>
        </washable>
        <wearable>
            <wearNode amount="0.222869"/>
        </wearable>
        <fillUnit>
            <unit index="1" fillType="DIESEL" fillLevel="775.255066"/>
            <unit index="2" fillType="DEF" fillLevel="85.000000"/>
            <unit index="3" fillType="AIR" fillLevel="3186.647949"/>
        </fillUnit>
        <drivable cruiseControl="63.000000"/>
        <attacherJoints comboDirection="-1"/>
        <courseplay>
            <basics  aiMode="4" courses="" openHudWithMouse="true" lights="1" visualWaypointsStartEnd="true" visualWaypointsAll="true" visualWaypointsCrossing="false" waitTime="0" siloSelectedFillType="nil" runNumber="11" runCounter="0" runCounterBool="false" saveFuelOption="true" drivingMode="2"/>
            <speeds  useRecordingSpeed="true" reverse="6" turn="15" field="24" max="63"/>
            <combi  tipperOffset="0.0" combineOffset="0.0" combineOffsetAutoMode="true" fillFollow="50" fillDriveOn="90" searchCombineOnField="0"/>
            <driving  turnDiameter="12" turnDiameterAutoMode="true" realisticDriving="false" allwaysSearchFuel="false" alignment="true"/>
            <fieldWork  workWidth="15.0" ridgeMarkersAutomatic="true" offsetData="0.0;0.0;0.0;false;0.0;0.0;0" abortWork="0" refillUntilPct="100" turnOnField="true" oppositeTurnMode="false" manualWorkWidth="15.0" plowFieldEdge="false" lastValidTipDistance="0.0" hasSavedPosition="true" savedPositionX="527.1" savedPositionZ="-376.6" savedFieldNum="30.0" fertilizerEnabled="true" convoyActive="false"/>
            <mode10  leveling="true" CourseplayersOnly="true" searchRadius="50" maxSiloSpeed="20" shieldHeight="0.3" automaticSpeed="true" automaticHeight="true" bladeOffset="0.0" drivingThroughtLoading="false"/>
        </courseplay>
    </vehicle>
    <vehicle id="13" filename="data/vehicles/elmersMfg/haulMaster/haulMaster.xml" isAbsolute="true" age="0.000000" price="105800.000000" farmId="1" propertyState="1" operatingTime="1720.682373">
        <component1 position="515.8798 86.5718 -144.1985" rotation="2.2005 13.1786 -1.1979"/>
        <configuration name="cover" id="1"/>
        <configuration name="baseMaterial" id="24"/>
        <configuration name="wheel" id="1"/>
        <configuration name="fillUnit" id="3"/>
        <configuration name="fillVolume" id="3"/>
        <boughtConfiguration name="cover" id="1"/>
        <boughtConfiguration name="baseMaterial" id="1"/>
        <boughtConfiguration name="baseMaterial" id="24"/>
        <boughtConfiguration name="wheel" id="1"/>
        <boughtConfiguration name="fillUnit" id="1"/>
        <boughtConfiguration name="fillUnit" id="3"/>
        <boughtConfiguration name="fillVolume" id="1"/>
        <boughtConfiguration name="fillVolume" id="3"/>
        <washable>
            <dirtNode amount="0.000000"/>
            <dirtNode amount="0.000000"/>
            <dirtNode amount="0.000000"/>
        </washable>
        <wearable>
            <wearNode amount="0.036888"/>
        </wearable>
        <cylindered>
            <movingTool rotation="-0.251327"/>
            <movingTool rotation="-0.000597"/>
        </cylindered>
        <attacherJoints comboDirection="-1"/>
        <foldable foldAnimTime="1.000000"/>
        <fillUnit>
            <unit index="1" fillType="UNKNOWN" fillLevel="0.000000"/>
        </fillUnit>
        <cover state="0"/>
        <pipe state="1"/>
    </vehicle>
    <vehicle id="14" filename="data/vehicles/flexicoil/st820/st820.xml" isAbsolute="true" age="0.000000" price="186000.000000" farmId="1" propertyState="1" operatingTime="9188.954102">
        <component1 position="575.1113 84.3606 -196.9562" rotation="12.8409 73.8271 10.1604"/>
        <component2 position="576.5346 85.9805 -200.9828" rotation="10.8376 73.9453 8.0738"/>
        <component3 position="577.3459 85.4625 -203.9536" rotation="12.4286 73.8407 9.7294"/>
        <component4 position="577.7537 85.5384 -207.0156" rotation="9.8808 73.9782 7.0824"/>
        <component5 position="574.1519 85.5165 -192.6428" rotation="18.7143 73.3454 16.2804"/>
        <component6 position="573.2933 84.6644 -189.7695" rotation="12.8014 73.8512 10.1185"/>
        <component7 position="572.0260 84.4494 -186.9594" rotation="15.0063 73.7013 12.4214"/>
        <configuration name="wheel" id="1"/>
        <boughtConfiguration name="wheel" id="1"/>
        <washable>
            <dirtNode amount="0.022507"/>
            <dirtNode amount="0.656191"/>
            <dirtNode amount="0.452963"/>
            <dirtNode amount="0.422223"/>
            <dirtNode amount="0.531281"/>
            <dirtNode amount="0.392651"/>
            <dirtNode amount="0.349256"/>
            <dirtNode amount="0.349392"/>
            <dirtNode amount="0.370961"/>
            <dirtNode amount="0.450773"/>
            <dirtNode amount="0.450773"/>
            <dirtNode amount="0.434527"/>
            <dirtNode amount="0.439973"/>
            <dirtNode amount="0.542388"/>
            <dirtNode amount="0.542365"/>
            <dirtNode amount="0.531806"/>
            <dirtNode amount="0.531806"/>
            <dirtNode amount="0.558985"/>
            <dirtNode amount="0.558985"/>
            <dirtNode amount="0.553647"/>
            <dirtNode amount="0.553647"/>
        </washable>
        <wearable>
            <wearNode amount="0.518931"/>
        </wearable>
        <attacherJoints comboDirection="-1"/>
        <foldable foldAnimTime="0.062500"/>
    </vehicle>
    <vehicle id="15" filename="data/vehicles/amazone/condor15001/condor15001.xml" isAbsolute="true" age="0.000000" price="224000.000000" farmId="1" propertyState="1" operatingTime="5849.641602">
        <component1 position="494.3462 86.7160 -139.1545" rotation="164.7960 -82.0976 -164.2273"/>
        <component2 position="488.1743 87.3416 -139.9553" rotation="164.7963 -82.0976 -164.2274"/>
        <component3 position="493.9795 89.0155 -138.2034" rotation="-92.0848 7.6241 -179.5702"/>
        <component4 position="494.2187 89.0831 -139.9956" rotation="92.0847 -7.6241 0.4298"/>
        <configuration name="fillUnit" id="1"/>
        <configuration name="wheel" id="1"/>
        <configuration name="cover" id="1"/>
        <configuration name="fillVolume" id="1"/>
        <boughtConfiguration name="cover" id="1"/>
        <boughtConfiguration name="wheel" id="1"/>
        <boughtConfiguration name="fillUnit" id="1"/>
        <boughtConfiguration name="fillVolume" id="1"/>
        <washable>
            <dirtNode amount="0.000000"/>
            <dirtNode amount="0.000000"/>
            <dirtNode amount="0.000000"/>
            <dirtNode amount="0.000000"/>
            <dirtNode amount="0.000000"/>
        </washable>
        <wearable>
            <wearNode amount="0.374116"/>
        </wearable>
        <attacherJoints comboDirection="-1"/>
        <foldable foldAnimTime="1.000000"/>
        <fillUnit>
            <unit index="1" fillType="SEEDS" fillLevel="4592.082031"/>
            <unit index="2" fillType="FERTILIZER" fillLevel="2447.989258"/>
        </fillUnit>
        <cover state="0"/>
        <sowingMachine selectedSeedFruitType="WHEAT"/>
    </vehicle>
    <vehicle id="16" filename="data/vehicles/fendt/mt1100/mt1100.xml" isAbsolute="true" age="1.000000" price="505000.000000" farmId="1" propertyState="1" operatingTime="6990.455566">
        <component1 position="583.9628 84.3272 -194.7610" rotation="15.5389 79.4333 17.2327"/>
        <configuration name="design" id="1"/>
        <configuration name="wheel" id="1"/>
        <configuration name="fillUnit" id="1"/>
        <configuration name="motor" id="4"/>
        <boughtConfiguration name="design" id="1"/>
        <boughtConfiguration name="motor" id="1"/>
        <boughtConfiguration name="motor" id="4"/>
        <boughtConfiguration name="fillUnit" id="1"/>
        <boughtConfiguration name="wheel" id="1"/>
        <washable>
            <dirtNode amount="0.012401"/>
            <dirtNode amount="0.822456"/>
            <dirtNode amount="0.819986"/>
        </washable>
        <wearable>
            <wearNode amount="0.156557"/>
        </wearable>
        <fillUnit>
            <unit index="1" fillType="DIESEL" fillLevel="974.280396"/>
            <unit index="2" fillType="DEF" fillLevel="105.985062"/>
            <unit index="3" fillType="AIR" fillLevel="2707.144043"/>
        </fillUnit>
        <drivable cruiseControl="6.000000"/>
        <attacherJoints comboDirection="-1"/>
        <courseplay>
            <basics  aiMode="6" courses="" openHudWithMouse="true" lights="1" visualWaypointsStartEnd="true" visualWaypointsAll="true" visualWaypointsCrossing="false" waitTime="0" siloSelectedFillType="nil" runNumber="11" runCounter="0" runCounterBool="false" saveFuelOption="true" drivingMode="2"/>
            <speeds  useRecordingSpeed="true" reverse="6" turn="15" field="24" max="43"/>
            <combi  tipperOffset="0.0" combineOffset="0.0" combineOffsetAutoMode="true" fillFollow="50" fillDriveOn="90" searchCombineOnField="0"/>
            <driving  turnDiameter="14" turnDiameterAutoMode="true" realisticDriving="false" allwaysSearchFuel="false" alignment="true"/>
            <fieldWork  workWidth="22.4" ridgeMarkersAutomatic="true" offsetData="0.0;0.0;0.0;false;0.0;0.0;0" abortWork="0" refillUntilPct="100" turnOnField="true" oppositeTurnMode="false" manualWorkWidth="22.4" plowFieldEdge="false" lastValidTipDistance="0.0" hasSavedPosition="true" savedPositionX="511.5" savedPositionZ="-184.9" savedFieldNum="29.0" fertilizerEnabled="true" convoyActive="false"/>
            <mode10  leveling="true" CourseplayersOnly="false" searchRadius="50" maxSiloSpeed="20" shieldHeight="0.3" automaticSpeed="true" automaticHeight="true" bladeOffset="0.0" drivingThroughtLoading="false"/>
        </courseplay>
    </vehicle>
    <vehicle id="17" filename="data/objects/bigBagContainer/bigBagContainerSeeds.xml" isAbsolute="true" age="0.000000" price="900.000000" farmId="1" propertyState="1" operatingTime="0.000000">
        <component1 position="523.7737 81.6321 16.5627" rotation="0.2111 -9.9967 -0.0685"/>
        <configuration name="fillUnit" id="1"/>
        <configuration name="design" id="1"/>
        <boughtConfiguration name="fillUnit" id="1"/>
        <boughtConfiguration name="design" id="1"/>
        <washable>
            <dirtNode amount="0.000000"/>
        </washable>
        <wearable>
            <wearNode amount="0.000005"/>
        </wearable>
        <fillUnit>
            <unit index="1" fillType="SEEDS" fillLevel="60.312428"/>
        </fillUnit>
    </vehicle>
    <vehicle id="18" filename="data/vehicles/bredal/K165/K165.xml" isAbsolute="true" age="0.000000" price="78000.000000" farmId="1" propertyState="1" operatingTime="109.531990">
        <component1 position="527.6955 86.5490 -155.0532" rotation="176.9747 -36.9553 176.8356"/>
        <configuration name="cover" id="2"/>
        <configuration name="fillVolume" id="2"/>
        <configuration name="wheel" id="2"/>
        <configuration name="fillUnit" id="2"/>
        <configuration name="folding" id="2"/>
        <boughtConfiguration name="cover" id="1"/>
        <boughtConfiguration name="cover" id="2"/>
        <boughtConfiguration name="fillVolume" id="1"/>
        <boughtConfiguration name="fillVolume" id="2"/>
        <boughtConfiguration name="wheel" id="1"/>
        <boughtConfiguration name="wheel" id="2"/>
        <boughtConfiguration name="fillUnit" id="1"/>
        <boughtConfiguration name="fillUnit" id="2"/>
        <boughtConfiguration name="folding" id="1"/>
        <boughtConfiguration name="folding" id="2"/>
        <washable>
            <dirtNode amount="0.000000"/>
            <dirtNode amount="0.000000"/>
            <dirtNode amount="0.000000"/>
            <dirtNode amount="0.000000"/>
            <dirtNode amount="0.000000"/>
        </washable>
        <wearable>
            <wearNode amount="0.002134"/>
        </wearable>
        <attacherJoints comboDirection="-1"/>
        <foldable foldAnimTime="1.000000"/>
        <fillUnit>
            <unit index="1" fillType="FERTILIZER" fillLevel="7475.282715"/>
        </fillUnit>
        <cover state="0"/>
    </vehicle>
    <attachments rootVehicleId="1">
        <attachment attachmentId="2" inputJointDescIndex="1" jointIndex="1" moveDown="false"/>
    </attachments>
    <attachments rootVehicleId="2">
        <attachment attachmentId="3" inputJointDescIndex="1" jointIndex="1" moveDown="false"/>
    </attachments>
    <attachments rootVehicleId="3">
        <attachment attachmentId="4" inputJointDescIndex="1" jointIndex="1" moveDown="false"/>
    </attachments>
    <attachments rootVehicleId="4">
        <attachment attachmentId="5" inputJointDescIndex="1" jointIndex="1" moveDown="false"/>
    </attachments>
    <attachments rootVehicleId="5">
        <attachment attachmentId="6" inputJointDescIndex="1" jointIndex="1" moveDown="false"/>
    </attachments>
    <attachments rootVehicleId="8">
        <attachment attachmentId="9" inputJointDescIndex="1" jointIndex="1" moveDown="false"/>
    </attachments>
    <attachments rootVehicleId="12">
        <attachment attachmentId="18" inputJointDescIndex="1" jointIndex="4" moveDown="false"/>
    </attachments>
    <attachments rootVehicleId="16">
        <attachment attachmentId="14" inputJointDescIndex="1" jointIndex="2" moveDown="false"/>
    </attachments>
</vehicles>
